level,level_name,can_do,unit,unit_emoji,lesson,lesson_type,step_type,speaker,vi,vi2,pos,game,question,choices,answer,examples,en,de
A1,Sơ cấp 1,"Chào hỏi, giới thiệu bản thân, nói vài câu đơn giản hằng ngày.",Chào hỏi,👋,Bài 1: Xin chào,core,dialogue,A,Xin chào!,,,,,,,,Hello!,Hallo!
A1,,,Chào hỏi,,Bài 1: Xin chào,,dialogue,B,Xin chào! Bạn khoẻ không?,,,,,,,,Hello! How are you?,Hallo! Wie geht es dir?
A1,,,Chào hỏi,,Bài 1: Xin chào,,dialogue,A,"Tôi khoẻ, cảm ơn. Bạn thì sao?",,,,,,,,"I'm fine, thanks. And you?","Mir geht es gut, danke. Und dir?"
A1,,,Chào hỏi,,Bài 1: Xin chào,,dialogue,B,Tôi cũng khoẻ. Cảm ơn bạn.,,,,,,,,I'm fine too. Thank you.,Mir geht es auch gut. Danke.
A1,,,Chào hỏi,,Bài 1: Xin chào,,vocab,,xin chào,,interj,,,,,,hello,Hallo
A1,,,Chào hỏi,,Bài 1: Xin chào,,vocab,,chào,,interj,,,,,,hi,Hallo
A1,,,Chào hỏi,,Bài 1: Xin chào,,vocab,,bạn,,pron,,,,,,you,du
A1,,,Chào hỏi,,Bài 1: Xin chào,,vocab,,tôi,,pron,,,,,,I,ich
A1,,,Chào hỏi,,Bài 1: Xin chào,,vocab,,khoẻ,,adj,,,,,,"fine, healthy","gut, gesund"
A1,,,Chào hỏi,,Bài 1: Xin chào,,vocab,,cảm ơn,,interj,,,,,,thank you,danke
A1,,,Chào hỏi,,Bài 1: Xin chào,,grammar,,Chào + đại từ,,,,,,,Chào bạn.;Chào anh.,Hello + pronoun,Hallo + Pronomen
A1,,,Chào hỏi,,Bài 1: Xin chào,,phonics,,ch,tr,,,,,,cha - tra,,
A1,,,Chào hỏi,,Bài 1: Xin chào,,minigame,,,,,meaning_pick,,,,,,
A1,,,Chào hỏi,,Bài 2: Bạn tên gì?,core,dialogue,A,Bạn tên gì?,,,,,,,,What's your name?,Wie heißt du?
A1,,,Chào hỏi,,Bài 2: Bạn tên gì?,,dialogue,B,Tôi tên là Mai. Bạn tên gì?,,,,,,,,My name is Mai. What's your name?,Ich heiße Mai. Wie heißt du?
A1,,,Chào hỏi,,Bài 2: Bạn tên gì?,,dialogue,A,Tôi tên là Nam. Rất vui được gặp bạn.,,,,,,,,My name is Nam. Nice to meet you.,"Ich heiße Nam. Freut mich, dich kennenzulernen."
A1,,,Chào hỏi,,Bài 2: Bạn tên gì?,,dialogue,B,Tôi cũng rất vui được gặp bạn.,,,,,,,,Nice to meet you too.,"Mich auch, freut mich."
A1,,,Chào hỏi,,Bài 2: Bạn tên gì?,,vocab,,tên,,n,,,,,,name,der Name
A1,,,Chào hỏi,,Bài 2: Bạn tên gì?,,vocab,,là,,v,,,,,,"to be, is","sein, ist"
A1,,,Chào hỏi,,Bài 2: Bạn tên gì?,,vocab,,gì,,pron,,,,,,what,was
A1,,,Chào hỏi,,Bài 2: Bạn tên gì?,,vocab,,rất,,adv,,,,,,very,sehr
A1,,,Chào hỏi,,Bài 2: Bạn tên gì?,,vocab,,vui,,adj,,,,,,"happy, glad",froh
A1,,,Chào hỏi,,Bài 2: Bạn tên gì?,,vocab,,gặp,,v,,,,,,to meet,treffen
A1,,,Chào hỏi,,Bài 2: Bạn tên gì?,,grammar,,Tôi tên là + tên,,,,,,,Tôi tên là Mai.;Tôi tên là Nam.,My name is + name,Ich heiße + Name
A1,,,Chào hỏi,,Bài 2: Bạn tên gì?,,phonics,,d,r,,,,,,da - ra,,
A1,,,Chào hỏi,,Bài 2: Bạn tên gì?,,minigame,,,,,sentence_builder,,,,,,
A1,,,Chào hỏi,,Bài 3: Ôn tập,review,dialogue,A,Xin chào! Bạn tên gì?,,,,,,,,Hello! What's your name?,Hallo! Wie heißt du?
A1,,,Chào hỏi,,Bài 3: Ôn tập,,dialogue,B,Tôi tên là Hoa. Bạn khoẻ không?,,,,,,,,My name is Hoa. How are you?,Ich heiße Hoa. Wie geht es dir?
A1,,,Chào hỏi,,Bài 3: Ôn tập,,dialogue,A,"Tôi khoẻ, cảm ơn. Rất vui được gặp bạn.",,,,,,,,"I'm fine, thanks. Nice to meet you.","Mir geht es gut, danke. Freut mich, dich kennenzulernen."
A1,,,Chào hỏi,,Bài 3: Ôn tập,,dialogue,B,Tôi cũng rất vui được gặp bạn.,,,,,,,,Nice to meet you too.,"Mich auch, freut mich."
A1,,,Chào hỏi,,Bài 3: Ôn tập,,minigame,,,,,meaning_pick,,,,,,
A1,,,Gia đình,👪,Bài 1: Gia đình tôi,core,dialogue,A,Đây là gia đình tôi.,,,,,,,,This is my family.,Das ist meine Familie.
A1,,,Gia đình,,Bài 1: Gia đình tôi,,dialogue,B,Đây là ai?,,,,,,,,Who is this?,Wer ist das?
A1,,,Gia đình,,Bài 1: Gia đình tôi,,dialogue,A,"Đây là bố tôi, đây là mẹ tôi.",,,,,,,,"This is my dad, this is my mom.","Das ist mein Vater, das ist meine Mutter."
A1,,,Gia đình,,Bài 1: Gia đình tôi,,dialogue,B,Gia đình bạn có mấy người?,,,,,,,,How many people are in your family?,Wie viele Personen sind in deiner Familie?
A1,,,Gia đình,,Bài 1: Gia đình tôi,,vocab,,gia đình,,n,,,,,,family,die Familie
A1,,,Gia đình,,Bài 1: Gia đình tôi,,vocab,,bố,,n,,,,,,dad,der Vater
A1,,,Gia đình,,Bài 1: Gia đình tôi,,vocab,,mẹ,,n,,,,,,mom,die Mutter
A1,,,Gia đình,,Bài 1: Gia đình tôi,,vocab,,anh,,n,,,,,,older brother,der ältere Bruder
A1,,,Gia đình,,Bài 1: Gia đình tôi,,vocab,,chị,,n,,,,,,older sister,die ältere Schwester
A1,,,Gia đình,,Bài 1: Gia đình tôi,,vocab,,em,,n,,,,,,younger sibling,das jüngere Geschwister
A1,,,Gia đình,,Bài 1: Gia đình tôi,,grammar,,Đây là + danh từ,,,,,,,Đây là bố tôi.;Đây là mẹ tôi.,This is + noun,Das ist + Nomen
A1,,,Gia đình,,Bài 1: Gia đình tôi,,phonics,,s,x,,,,,,sa - xa,,
A1,,,Gia đình,,Bài 1: Gia đình tôi,,minigame,,,,,phonics_discrim,,,,,,
A1,,,Gia đình,,Bài 2: Gia đình bạn có mấy người?,core,dialogue,A,Gia đình bạn có mấy người?,,,,,,,,How many people are in your family?,Wie viele Personen sind in deiner Familie?
A1,,,Gia đình,,Bài 2: Gia đình bạn có mấy người?,,dialogue,B,"Gia đình tôi có bốn người: bố, mẹ, tôi và em tôi.",,,,,,,,"My family has four people: dad, mom, me, and my younger sibling.","Meine Familie hat vier Personen: Vater, Mutter, ich und mein jüngeres Geschwister."
A1,,,Gia đình,,Bài 2: Gia đình bạn có mấy người?,,dialogue,A,Bạn có anh chị không?,,,,,,,,Do you have older siblings?,Hast du ältere Geschwister?
A1,,,Gia đình,,Bài 2: Gia đình bạn có mấy người?,,dialogue,B,"Không, tôi không có anh chị.",,,,,,,,"No, I don't have older siblings.","Nein, ich habe keine älteren Geschwister."
A1,,,Gia đình,,Bài 2: Gia đình bạn có mấy người?,,vocab,,mấy,,pron,,,,,,how many,wie viele
A1,,,Gia đình,,Bài 2: Gia đình bạn có mấy người?,,vocab,,người,,n,,,,,,person,die Person
A1,,,Gia đình,,Bài 2: Gia đình bạn có mấy người?,,vocab,,có,,v,,,,,,to have,haben
A1,,,Gia đình,,Bài 2: Gia đình bạn có mấy người?,,vocab,,bốn,,num,,,,,,four,vier
A1,,,Gia đình,,Bài 2: Gia đình bạn có mấy người?,,vocab,,và,,conj,,,,,,and,und
A1,,,Gia đình,,Bài 2: Gia đình bạn có mấy người?,,vocab,,không,,adv,,,,,,"no, not","nein, nicht"
A1,,,Gia đình,,Bài 2: Gia đình bạn có mấy người?,,grammar,,Gia đình + có + số + người,,,,,,,Gia đình tôi có bốn người.;Gia đình bạn có mấy người?,Family + has + number + people,Familie + hat + Zahl + Personen
A1,,,Gia đình,,Bài 2: Gia đình bạn có mấy người?,,reading,,"Gia đình tôi có bốn người. Bố tôi là bác sĩ. Mẹ tôi là giáo viên. Em tôi còn nhỏ, chưa đi học.",,,,,,,,My family has four people. My dad is a doctor. My mom is a teacher. My younger sibling is still small and doesn't go to school yet.,Meine Familie hat vier Personen. Mein Vater ist Arzt. Meine Mutter ist Lehrerin. Mein jüngeres Geschwister ist noch klein und geht noch nicht in die Schule.
A1,,,Gia đình,,Bài 2: Gia đình bạn có mấy người?,,reading,,,,,,Gia đình có mấy người?,Ba người|Bốn người|Năm người|Hai người,2,,,
A1,,,Gia đình,,Bài 2: Gia đình bạn có mấy người?,,reading,,,,,,Mẹ làm nghề gì?,Bác sĩ|Giáo viên|Kỹ sư|Ca sĩ,2,,,
A1,,,Gia đình,,Bài 2: Gia đình bạn có mấy người?,,minigame,,,,,sentence_builder,,,,,,
A1,,,Gia đình,,Bài 3: Ôn tập,review,dialogue,A,"Đây là gia đình tôi: bố, mẹ và em tôi.",,,,,,,,"This is my family: dad, mom, and my younger sibling.","Das ist meine Familie: Vater, Mutter und mein jüngeres Geschwister."
A1,,,Gia đình,,Bài 3: Ôn tập,,dialogue,B,Gia đình bạn có mấy người?,,,,,,,,How many people are in your family?,Wie viele Personen sind in deiner Familie?
A1,,,Gia đình,,Bài 3: Ôn tập,,dialogue,A,Gia đình tôi có bốn người.,,,,,,,,My family has four people.,Meine Familie hat vier Personen.
A1,,,Gia đình,,Bài 3: Ôn tập,,dialogue,B,Bạn có anh chị không?,,,,,,,,Do you have older siblings?,Hast du ältere Geschwister?
A1,,,Gia đình,,Bài 3: Ôn tập,,minigame,,,,,phonics_discrim,,,,,,
