unit,unit_emoji,level,lesson,vi,say,activities,choices,answer,emoji,type,min_age,max_age,de,en,fr,ko,ja,pic
Đọc đoạn văn ngắn,📖,4,Gia đình của Nam,Nhà Nam có bốn người.,,read_quiz order_story fill_word listen_repeat,,,🏠4️⃣,sentence,6,8,Nams Familie hat vier Mitglieder.,Nam's family has four people.,La famille de Nam a quatre personnes.,남의 가족은 네 명이에요.,ナムの家族は四人です。,decor
Đọc đoạn văn ngắn,📖,4,Gia đình của Nam,Bố Nam là bác sĩ.,,,,,👨‍⚕️,sentence,6,8,Nams Vater ist Arzt.,Nam's father is a doctor.,Le père de Nam est médecin.,남의 아버지는 의사예요.,ナムのお父さんは医者です。,decor
Đọc đoạn văn ngắn,📖,4,Gia đình của Nam,Mẹ Nam là cô giáo.,,,,,👩‍🏫,sentence,6,8,Nams Mutter ist Lehrerin.,Nam's mother is a teacher.,La mère de Nam est institutrice.,남의 어머니는 선생님이에요.,ナムのお母さんは先生です。,decor
Đọc đoạn văn ngắn,📖,4,Gia đình của Nam,Nam có một em gái tên là Mai.,,,,,👧,sentence,6,8,Nam hat eine kleine Schwester namens Mai.,Nam has a little sister named Mai.,Nam a une petite sœur qui s'appelle Mai.,남은 마이라는 여동생이 있어요.,ナムにはマイという妹がいます。,decor
Đọc đoạn văn ngắn,📖,4,Gia đình của Nam,Cả nhà rất yêu thương nhau.,,,,,👨‍👩‍👧‍👦❤️,sentence,6,8,Die ganze Familie hat sich sehr lieb.,The whole family loves each other very much.,Toute la famille s'aime beaucoup.,온 가족이 서로 아주 사랑해요.,家族みんなとても愛し合っています。,decor
Đọc đoạn văn ngắn,📖,4,Gia đình của Nam,Nhà Nam có mấy người?,,,bốn người|ba người|năm người,1,,question,6,8,Wie viele Personen hat Nams Familie?,How many people are in Nam's family?,Combien de personnes y a-t-il dans la famille de Nam ?,남의 가족은 몇 명이에요?,ナムの家族は何人ですか。,
Đọc đoạn văn ngắn,📖,4,Gia đình của Nam,Mẹ Nam làm nghề gì?,,,cô giáo|bác sĩ|công nhân,1,,question,6,8,Was arbeitet Nams Mutter?,What is Nam's mother's job?,Quel est le métier de la mère de Nam ?,남의 어머니의 직업은 무엇이에요?,ナムのお母さんの仕事は何ですか。,
Đọc đoạn văn ngắn,📖,4,Gia đình của Nam,Em gái của Nam tên là gì?,,,Mai|Lan|Hoa,1,,question,6,8,Wie heißt Nams Schwester?,What is Nam's sister's name?,Comment s'appelle la petite sœur de Nam ?,남의 여동생 이름은 무엇이에요?,ナムの妹の名前は何ですか。,
Đọc đoạn văn ngắn,📖,4,Buổi sáng của em,Sáng nào em cũng dậy sớm.,,read_quiz order_story fill_word listen_repeat,,,🧒⏰,sentence,6,8,Jeden Morgen stehe ich früh auf.,Every morning I get up early.,"Chaque matin, je me lève tôt.",저는 매일 아침 일찍 일어나요.,私は毎朝早く起きます。,decor
Đọc đoạn văn ngắn,📖,4,Buổi sáng của em,Em đánh răng và rửa mặt.,,,,,🦷🧼,sentence,6,8,Ich putze mir die Zähne und wasche mein Gesicht.,I brush my teeth and wash my face.,Je me brosse les dents et je me lave le visage.,저는 이를 닦고 세수를 해요.,私は歯を磨いて顔を洗います。,decor
Đọc đoạn văn ngắn,📖,4,Buổi sáng của em,Mẹ nấu cho em bát phở nóng.,,,,,🍜,sentence,6,8,Mama kocht mir eine heiße Schüssel Phở.,Mum cooks me a hot bowl of phở.,Maman me prépare un bol de phở chaud.,엄마가 따뜻한 쌀국수를 만들어 주세요.,ママが温かいフォーを作ってくれます。,decor
Đọc đoạn văn ngắn,📖,4,Buổi sáng của em,"Ăn xong, em đeo cặp đi học.",,,,,🧒🎒,sentence,6,8,Nach dem Essen nehme ich meinen Schulranzen und gehe zur Schule.,"After eating, I put on my school bag and go to school.","Après avoir mangé, je mets mon cartable et je vais à l'école.",다 먹고 나서 책가방을 메고 학교에 가요.,食べ終わったら、かばんを背負って学校に行きます。,decor
Đọc đoạn văn ngắn,📖,4,Buổi sáng của em,"Trên đường, em gặp bạn Hà.",,,,,🧒👫,sentence,6,8,Unterwegs treffe ich meine Freundin Hà.,"On the way, I meet my friend Hà.","Sur le chemin, je rencontre mon amie Hà.",가는 길에 하 친구를 만나요.,道でハーちゃんに会います。,decor
Đọc đoạn văn ngắn,📖,4,Buổi sáng của em,Sáng nào em cũng dậy lúc nào?,,,sớm|muộn|trưa,1,,question,6,8,Wann steht das Kind jeden Morgen auf?,When does the child get up every morning?,À quelle heure te lèves-tu chaque matin ?,매일 아침 몇 시에 일어나요?,毎朝いつ起きますか。,
Đọc đoạn văn ngắn,📖,4,Buổi sáng của em,Mẹ nấu cho em món gì?,,,phở|cơm|bún,1,,question,6,8,Was kocht die Mutter für das Kind?,What does Mum cook for the child?,Qu'est-ce que maman te prépare ?,엄마가 무엇을 만들어 주세요?,ママは何を作ってくれますか。,
Đọc đoạn văn ngắn,📖,4,Buổi sáng của em,"Trên đường đi học, em gặp ai?",,,bạn Hà|cô giáo|bà,1,,question,6,8,Wen trifft das Kind auf dem Schulweg?,Who does the child meet on the way to school?,Qui rencontres-tu sur le chemin de l'école ?,학교 가는 길에 누구를 만나요?,学校に行く道で誰に会いますか。,
Đọc đoạn văn ngắn,📖,4,Tết ở nhà bà,"Tết đến, cả nhà về quê thăm bà.",,read_quiz order_story fill_word listen_repeat,,,🏡,sentence,6,8,Zu Tết fährt die ganze Familie aufs Land zu Oma.,"At Tết, the whole family goes to the countryside to visit Grandma.","Au Nouvel An, toute la famille rentre à la campagne voir grand-mère.",뗏이 되면 온 가족이 시골 할머니 댁에 가요.,テトになると家族みんなで田舎のおばあちゃんに会いに行きます。,decor
Đọc đoạn văn ngắn,📖,4,Tết ở nhà bà,Bà gói bánh chưng thật to.,,,,,👵🟩,sentence,6,8,Oma wickelt ein sehr großes Bánh chưng.,Grandma wraps a very big bánh chưng.,Grand-mère prépare un très gros bánh chưng.,할머니가 아주 큰 바인쯩을 만들어요.,おばあちゃんはとても大きなバインチュンを作ります。,decor
Đọc đoạn văn ngắn,📖,4,Tết ở nhà bà,Em được bà lì xì một phong bao đỏ.,,,,,🧧👵,sentence,6,8,Oma schenkt mir einen roten Glücksumschlag.,Grandma gives me a red lucky-money envelope.,Grand-mère me donne une enveloppe rouge porte-bonheur.,할머니가 빨간 봉투에 세뱃돈을 주세요.,おばあちゃんが赤い封筒でお年玉をくれます。,decor
Đọc đoạn văn ngắn,📖,4,Tết ở nhà bà,"Buổi tối, cả nhà xem pháo hoa.",,,,,🌙🎆,sentence,6,8,Am Abend sieht die ganze Familie das Feuerwerk.,"In the evening, the whole family watches fireworks.","Le soir, toute la famille regarde les feux d'artifice.",저녁에 온 가족이 불꽃놀이를 봐요.,夜、家族みんなで花火を見ます。,decor
Đọc đoạn văn ngắn,📖,4,Tết ở nhà bà,Em ước năm mới ai cũng vui.,,,,,🌠😄,sentence,6,8,"Ich wünsche mir, dass im neuen Jahr alle froh sind.",I wish everyone to be happy in the new year.,Je souhaite que tout le monde soit heureux pour la nouvelle année.,저는 새해에 모두가 행복하길 바라요.,私は新年にみんなが幸せでありますようにと願います。,decor
Đọc đoạn văn ngắn,📖,4,Tết ở nhà bà,"Tết đến, cả nhà về quê thăm ai?",,,bà|cô giáo|bạn,1,,question,6,8,Wen besucht die Familie zu Tết auf dem Land?,Whom does the family visit in the countryside at Tết?,"Au Nouvel An, qui la famille va-t-elle voir à la campagne ?",뗏이 되면 온 가족이 시골에서 누구를 만나요?,テトになると家族は田舎で誰に会いに行きますか。,
Đọc đoạn văn ngắn,📖,4,Tết ở nhà bà,Bà gói món gì?,,,bánh chưng|bánh mì|bánh ngọt,1,,question,6,8,Was wickelt Oma?,What does Grandma wrap?,Qu'est-ce que grand-mère prépare ?,할머니가 무엇을 만들어요?,おばあちゃんは何を作りますか。,
Đọc đoạn văn ngắn,📖,4,Tết ở nhà bà,"Buổi tối, cả nhà làm gì?",,,xem pháo hoa|đi học|ngủ sớm,1,,question,6,8,Was macht die Familie am Abend?,What does the family do in the evening?,Que fait la famille le soir ?,저녁에 온 가족이 무엇을 해요?,夜、家族は何をしますか。,
Đọc đoạn văn ngắn,📖,4,Ngày mưa,Hôm nay trời mưa to.,,read_quiz order_story fill_word listen_repeat,,,🌧️,sentence,6,8,Heute regnet es stark.,It is raining hard today.,Aujourd'hui il pleut fort.,오늘 비가 많이 와요.,今日は雨がたくさん降っています。,decor
Đọc đoạn văn ngắn,📖,4,Ngày mưa,Mưa rơi lộp bộp trên mái nhà.,,,,,🌧️🏠,sentence,6,8,Der Regen prasselt aufs Hausdach.,The rain patters on the roof.,La pluie tambourine sur le toit.,빗방울이 지붕 위에 후두둑 떨어져요.,雨が屋根にぽつぽつ降ります。,decor
Đọc đoạn văn ngắn,📖,4,Ngày mưa,Em ngồi bên cửa sổ ngắm mưa.,,,,,🧒🌧️,sentence,6,8,Ich sitze am Fenster und schaue dem Regen zu.,I sit by the window watching the rain.,Je m'assois près de la fenêtre pour regarder la pluie.,저는 창가에 앉아 비를 바라봐요.,私は窓のそばに座って雨を眺めます。,decor
Đọc đoạn văn ngắn,📖,4,Ngày mưa,"Ngoài vườn, mấy chú ếch kêu ộp ộp.",,,,,🐸🌿,sentence,6,8,Draußen im Garten quaken ein paar Frösche.,"Outside in the garden, some frogs croak.","Dans le jardin, des grenouilles coassent.",정원에서 개구리들이 개굴개굴 울어요.,庭でカエルたちがゲロゲロ鳴いています。,decor
Đọc đoạn văn ngắn,📖,4,Ngày mưa,"Một lúc sau, cầu vồng hiện ra.",,,,,🌈,sentence,6,8,Nach einer Weile erscheint ein Regenbogen.,"After a while, a rainbow appears.","Peu après, un arc-en-ciel apparaît.",잠시 후 무지개가 나타나요.,しばらくすると虹が現れます。,decor
Đọc đoạn văn ngắn,📖,4,Ngày mưa,Hôm nay thời tiết thế nào?,,,trời mưa to|trời nắng|trời có tuyết,1,,question,6,8,Wie ist heute das Wetter?,What is the weather like today?,Quel temps fait-il aujourd'hui ?,오늘 날씨가 어때요?,今日の天気はどうですか。,
Đọc đoạn văn ngắn,📖,4,Ngày mưa,Ai kêu ộp ộp ngoài vườn?,,,mấy chú ếch|chú chó|chú mèo,1,,question,6,8,Wer quakt draußen im Garten?,Who croaks in the garden?,Qui coasse dans le jardin ?,정원에서 누가 개굴개굴 울어요?,庭で誰がゲロゲロ鳴いていますか。,
Đọc đoạn văn ngắn,📖,4,Ngày mưa,"Sau cơn mưa, trên trời có gì?",,,cầu vồng|mặt trăng|ngôi sao,1,,question,6,8,Was ist nach dem Regen am Himmel?,What is in the sky after the rain?,Qu'y a-t-il dans le ciel après la pluie ?,비가 온 뒤 하늘에 무엇이 있어요?,雨の後、空に何がありますか。,
Đọc đoạn văn ngắn,📖,4,Chú mèo của em,Em có một chú mèo tên là Mun.,,read_quiz order_story fill_word listen_repeat,,,🐱,sentence,6,8,Ich habe einen Kater namens Mun.,I have a cat named Mun.,J'ai un chat qui s'appelle Mun.,저는 문이라는 고양이가 있어요.,私はムンという猫を飼っています。,decor
Đọc đoạn văn ngắn,📖,4,Chú mèo của em,Bộ lông của Mun đen như than.,,,,,🐱⚫,sentence,6,8,Muns Fell ist schwarz wie Kohle.,Mun's fur is black as coal.,Le pelage de Mun est noir comme le charbon.,문의 털은 숯처럼 까매요.,ムンの毛は炭のように黒いです。,decor
Đọc đoạn văn ngắn,📖,4,Chú mèo của em,Mun thích ngủ cạnh em.,,,,,🐱😴,sentence,6,8,Mun schläft gern neben mir.,Mun likes to sleep next to me.,Mun aime dormir à côté de moi.,문은 제 옆에서 자는 것을 좋아해요.,ムンは私のそばで寝るのが好きです。,decor
Đọc đoạn văn ngắn,📖,4,Chú mèo của em,Sáng nào Mun cũng kêu meo meo đòi ăn.,,,,,🐱🍽️,sentence,6,8,Jeden Morgen miaut Mun und will fressen.,Every morning Mun meows for food.,"Chaque matin, Mun miaule pour réclamer à manger.",문은 매일 아침 야옹야옹 울며 밥을 달라고 해요.,ムンは毎朝ニャーニャー鳴いてご飯をねだります。,decor
Đọc đoạn văn ngắn,📖,4,Chú mèo của em,Em rất yêu chú mèo nhỏ.,,,,,💖,sentence,6,8,Ich habe den kleinen Kater sehr lieb.,I love my little cat very much.,J'aime beaucoup mon petit chat.,저는 이 작은 고양이를 아주 사랑해요.,私はこの小さな猫がとても大好きです。,decor
Đọc đoạn văn ngắn,📖,4,Chú mèo của em,Chú mèo của em tên là gì?,,,Mun|Mít|Bông,1,,question,6,8,Wie heißt der Kater?,What is the cat's name?,Comment s'appelle mon chat ?,제 고양이 이름은 무엇이에요?,私の猫の名前は何ですか。,
Đọc đoạn văn ngắn,📖,4,Chú mèo của em,Bộ lông của Mun màu gì?,,,đen|trắng|vàng,1,,question,6,8,Welche Farbe hat Muns Fell?,What colour is Mun's fur?,De quelle couleur est le pelage de Mun ?,문의 털은 무슨 색이에요?,ムンの毛は何色ですか。,
Đọc đoạn văn ngắn,📖,4,Chú mèo của em,Mun kêu thế nào khi đòi ăn?,,,meo meo|gâu gâu|ụt ịt,1,,question,6,8,"Wie macht Mun, wenn er fressen will?",What sound does Mun make when it wants food?,Comment fait Mun quand il réclame à manger ?,문은 밥을 달라고 할 때 어떻게 울어요?,ムンはご飯をねだるときどう鳴きますか。,
Đọc đoạn văn ngắn,📖,4,Ở trường,Trường của em rất đẹp.,,read_quiz order_story fill_word listen_repeat,,,🏫,sentence,6,8,Meine Schule ist sehr schön.,My school is very beautiful.,Mon école est très belle.,우리 학교는 아주 예뻐요.,私の学校はとてもきれいです。,decor
Đọc đoạn văn ngắn,📖,4,Ở trường,Sân trường có nhiều cây xanh.,,,,,🏫🌳,sentence,6,8,Auf dem Schulhof stehen viele grüne Bäume.,The schoolyard has many green trees.,La cour de l'école a beaucoup d'arbres verts.,학교 운동장에는 푸른 나무가 많아요.,校庭にはたくさんの緑の木があります。,decor
Đọc đoạn văn ngắn,📖,4,Ở trường,"Giờ ra chơi, em nhảy dây cùng các bạn.",,,,,🤸🧒,sentence,6,8,In der Pause springe ich mit meinen Freunden Seil.,"At break, I skip rope with my friends.","Pendant la récréation, je saute à la corde avec mes amis.",쉬는 시간에 저는 친구들과 줄넘기를 해요.,休み時間に友達と縄跳びをします。,decor
Đọc đoạn văn ngắn,📖,4,Ở trường,Cô giáo dạy em một bài hát mới.,,,,,👩‍🏫🎵,sentence,6,8,Die Lehrerin bringt mir ein neues Lied bei.,The teacher teaches me a new song.,La maîtresse m'apprend une nouvelle chanson.,선생님이 새로운 노래를 가르쳐 주세요.,先生が新しい歌を教えてくれます。,decor
Đọc đoạn văn ngắn,📖,4,Ở trường,Em thích đi học mỗi ngày.,,,,,🧒🎒,sentence,6,8,Ich gehe jeden Tag gern zur Schule.,I like going to school every day.,J'aime aller à l'école tous les jours.,저는 매일 학교에 가는 것을 좋아해요.,私は毎日学校に行くのが好きです。,decor
Đọc đoạn văn ngắn,📖,4,Ở trường,Sân trường có gì?,,,nhiều cây xanh|nhiều xe|nhiều nhà,1,,question,6,8,Was gibt es auf dem Schulhof?,What does the schoolyard have?,Qu'y a-t-il dans la cour de l'école ?,학교 운동장에는 무엇이 있어요?,校庭には何がありますか。,
Đọc đoạn văn ngắn,📖,4,Ở trường,"Giờ ra chơi, em chơi gì?",,,nhảy dây|đá bóng|xem tivi,1,,question,6,8,Was spielt das Kind in der Pause?,What does the child play at break?,Que fais-tu pendant la récréation ?,쉬는 시간에 무엇을 해요?,休み時間に何をしますか。,
Đọc đoạn văn ngắn,📖,4,Ở trường,Cô giáo dạy em điều gì?,,,một bài hát mới|một trò chơi|một bài toán,1,,question,6,8,Was bringt die Lehrerin dem Kind bei?,What does the teacher teach the child?,Qu'est-ce que la maîtresse t'apprend ?,선생님이 무엇을 가르쳐 주세요?,先生は何を教えてくれますか。,
Truyện cổ tích và truyền thuyết,🐉,4,Sự tích bánh chưng bánh giầy (1),Vua Hùng muốn chọn người nối ngôi.,,read_quiz order_story fill_word listen_repeat,,,🤴🤔,sentence,6,8,König Hùng wollte einen Thronfolger wählen.,King Hùng wanted to choose an heir.,Le roi Hùng voulait choisir un héritier.,훙 왕은 왕위를 이을 사람을 고르고 싶었어요.,フン王は跡継ぎを選びたいと思いました。,decor
Truyện cổ tích và truyền thuyết,🐉,4,Sự tích bánh chưng bánh giầy (1),Vua bảo các con đi tìm món ngon nhất để dâng cúng tổ tiên.,,,,,🤴🍲,sentence,6,8,"Der König trug seinen Söhnen auf, das köstlichste Gericht für die Ahnen zu suchen.",The king told his sons to find the most delicious dish to offer to the ancestors.,Le roi demanda à ses fils de trouver le plat le plus délicieux pour l'offrir aux ancêtres.,왕은 아들들에게 조상님께 바칠 가장 맛있는 음식을 찾아오라고 했어요.,王は息子たちに、先祖に捧げる一番おいしい料理を探すように言いました。,decor
Truyện cổ tích và truyền thuyết,🐉,4,Sự tích bánh chưng bánh giầy (1),Các hoàng tử tìm khắp nơi những của ngon vật lạ.,,,,,🏃🍗,sentence,6,8,Die Prinzen suchten überall nach Leckerbissen und Seltenem.,The princes searched everywhere for delicacies and rare things.,Les princes cherchèrent partout des mets rares et délicieux.,왕자들은 온 곳을 다니며 진귀한 음식을 찾았어요.,王子たちはあちこちで珍しいごちそうを探しました。,decor
Truyện cổ tích và truyền thuyết,🐉,4,Sự tích bánh chưng bánh giầy (1),"Chỉ có Lang Liêu nghèo, chàng chẳng biết làm gì.",,,,,😟🌾,sentence,6,8,"Nur Lang Liêu war arm und wusste nicht, was er tun sollte.","Only Lang Liêu was poor, and he did not know what to do.","Seul Lang Liêu était pauvre, il ne savait pas quoi faire.",가난한 랑리에우만 무엇을 해야 할지 몰랐어요.,貧しいラン・リエウだけは何をすればいいか分かりませんでした。,decor
Truyện cổ tích và truyền thuyết,🐉,4,Sự tích bánh chưng bánh giầy (1),"Một đêm, thần báo mộng dạy chàng lấy gạo làm bánh.",,,,,🌙🌾,sentence,6,8,"Eines Nachts riet ihm ein Gott im Traum, Kuchen aus Reis zu machen.","One night, a god told him in a dream to make cakes from rice.","Une nuit, un dieu lui apparut en rêve et lui apprit à faire des gâteaux avec du riz.","어느 날 밤, 신이 꿈에 나타나 쌀로 떡을 만들라고 알려주었어요.",ある夜、神様が夢に現れて米でお餅を作るよう教えてくれました。,decor
Truyện cổ tích và truyền thuyết,🐉,4,Sự tích bánh chưng bánh giầy (1),Ai muốn chọn người nối ngôi?,,,Vua Hùng|Lang Liêu|thần,1,,question,6,8,Wer wollte einen Thronfolger wählen?,Who wanted to choose an heir?,Qui voulait choisir un héritier ?,누가 왕위를 이을 사람을 고르고 싶었어요?,誰が跡継ぎを選びたいと思いましたか。,
Truyện cổ tích và truyền thuyết,🐉,4,Sự tích bánh chưng bánh giầy (1),Thần dạy Lang Liêu làm bánh bằng gì?,,,gạo|bột mì|khoai,1,,question,6,8,Woraus sollte Lang Liêu den Kuchen machen?,What did the god tell Lang Liêu to make the cakes from?,Avec quoi le dieu a-t-il appris à Lang Liêu à faire les gâteaux ?,신은 랑리에우에게 무엇으로 떡을 만들라고 가르쳐주었어요?,神様はラン・リエウに何でお餅を作るよう教えましたか。,
Truyện cổ tích và truyền thuyết,🐉,4,Sự tích bánh chưng bánh giầy (2),"Lang Liêu làm bánh hình vuông, tượng trưng cho đất, gọi là bánh chưng.",,read_quiz order_story fill_word listen_repeat,,,🟩🌏,sentence,6,8,"Lang Liêu machte einen quadratischen Kuchen für die Erde, das Bánh chưng.","Lang Liêu made a square cake for the earth, called bánh chưng.","Lang Liêu fit un gâteau carré, symbole de la terre, appelé bánh chưng.","랑리에우는 땅을 상징하는 네모난 떡을 만들었는데, 이를 바인쯩이라고 해요.",ラン・リエウは大地を象徴する四角いお餅を作り、バインチュンと呼びました。,decor
Truyện cổ tích và truyền thuyết,🐉,4,Sự tích bánh chưng bánh giầy (2),"Chàng làm bánh hình tròn, tượng trưng cho trời, gọi là bánh giầy.",,,,,⭕☁️,sentence,6,8,"Er machte einen runden Kuchen für den Himmel, das Bánh giầy.","He made a round cake for the sky, called bánh giầy.","Il fit un gâteau rond, symbole du ciel, appelé bánh giầy.","그는 하늘을 상징하는 둥근 떡을 만들었는데, 이를 바인지아이라고 해요.",彼は天を象徴する丸いお餅を作り、バインザイと呼びました。,decor
Truyện cổ tích và truyền thuyết,🐉,4,Sự tích bánh chưng bánh giầy (2),Vua Hùng nếm thử và rất khen ngon.,,,,,🤴😋,sentence,6,8,König Hùng probierte und lobte sie sehr.,King Hùng tasted them and praised them highly.,Le roi Hùng y goûta et les trouva délicieux.,훙 왕이 맛을 보고 아주 맛있다고 칭찬했어요.,フン王は味見をしてとてもおいしいと褒めました。,decor
Truyện cổ tích và truyền thuyết,🐉,4,Sự tích bánh chưng bánh giầy (2),Vua chọn Lang Liêu nối ngôi.,,,,,🤴👑,sentence,6,8,Der König wählte Lang Liêu zum Nachfolger.,The king chose Lang Liêu as his heir.,Le roi choisit Lang Liêu comme héritier.,왕은 랑리에우를 후계자로 골랐어요.,王はラン・リエウを跡継ぎに選びました。,decor
Truyện cổ tích và truyền thuyết,🐉,4,Sự tích bánh chưng bánh giầy (2),"Từ đó, ngày Tết nhà nào cũng có bánh chưng.",,,,,🎊🟩,sentence,6,8,Seitdem gibt es zu Tết in jedem Haus Bánh chưng.,"Since then, every home has bánh chưng at Tết.","Depuis, chaque foyer a du bánh chưng au Nouvel An.",그때부터 뗏에는 집집마다 바인쯩이 있어요.,それ以来、テトにはどの家にもバインチュンがあります。,decor
Truyện cổ tích và truyền thuyết,🐉,4,Sự tích bánh chưng bánh giầy (2),Bánh chưng có hình gì?,,,hình vuông|hình tròn|hình tam giác,1,,question,6,8,Welche Form hat das Bánh chưng?,What shape is bánh chưng?,Quelle est la forme du bánh chưng ?,바인쯩은 어떤 모양이에요?,バインチュンはどんな形ですか。,
Truyện cổ tích và truyền thuyết,🐉,4,Sự tích bánh chưng bánh giầy (2),Ai được vua chọn nối ngôi?,,,Lang Liêu|một hoàng tử giàu|thần,1,,question,6,8,Wen wählte der König zum Nachfolger?,Whom did the king choose as heir?,Qui le roi a-t-il choisi comme héritier ?,왕이 누구를 후계자로 골랐어요?,王は誰を跡継ぎに選びましたか。,
Truyện cổ tích và truyền thuyết,🐉,4,Thánh Gióng (1),"Ngày xưa, có một cậu bé lên ba tuổi mà chưa biết nói.",,read_quiz order_story fill_word listen_repeat,,,👶🤐,sentence,6,8,"Es war einmal ein dreijähriger Junge, der noch nicht sprechen konnte.","Long ago, there was a three-year-old boy who could not yet speak.","Autrefois, il y avait un garçon de trois ans qui ne savait pas encore parler.",옛날에 세 살이 되도록 말을 못하는 남자아이가 있었어요.,昔、三歳になってもまだ話せない男の子がいました。,decor
Truyện cổ tích và truyền thuyết,🐉,4,Thánh Gióng (1),"Một hôm, giặc Ân đến xâm chiếm nước ta.",,,,,⚔️🏹,sentence,6,8,Eines Tages fielen die Ân-Feinde in unser Land ein.,"One day, the Ân invaders attacked our country.","Un jour, les envahisseurs Ân vinrent envahir notre pays.",어느 날 은나라 적이 우리 나라를 침략해왔어요.,ある日、殷の敵が私たちの国に攻めてきました。,decor
Truyện cổ tích và truyền thuyết,🐉,4,Thánh Gióng (1),"Nghe tiếng sứ giả của vua, cậu bé bỗng cất tiếng nói.",,,,,📢👶,sentence,6,8,"Als er den Boten des Königs hörte, fing der Junge plötzlich an zu sprechen.","Hearing the king's messenger, the boy suddenly began to speak.","En entendant le messager du roi, le garçon se mit soudain à parler.",왕의 사신 소리를 듣고 아이가 갑자기 말을 하기 시작했어요.,王の使者の声を聞いて、男の子は突然話し始めました。,decor
Truyện cổ tích và truyền thuyết,🐉,4,Thánh Gióng (1),Cậu xin vua rèn cho một con ngựa sắt và một cây roi sắt.,,,,,🐎🔨,sentence,6,8,"Er bat den König, ihm ein eisernes Pferd und eine eiserne Peitsche zu schmieden.",He asked the king to forge him an iron horse and an iron whip.,Il demanda au roi de forger un cheval de fer et un fouet de fer.,그는 왕에게 쇠로 만든 말과 쇠 채찍을 만들어달라고 했어요.,彼は王に鉄の馬と鉄の鞭を作ってほしいと頼みました。,decor
Truyện cổ tích và truyền thuyết,🐉,4,Thánh Gióng (1),"Cả làng góp gạo nuôi cậu, cậu lớn nhanh như thổi.",,,,,🏘️🍚,sentence,6,8,"Das ganze Dorf gab Reis, um ihn zu ernähren, und er wuchs im Nu.","The whole village gave rice to feed him, and he grew up very fast.","Tout le village donna du riz pour le nourrir, et il grandit très vite.","온 마을이 쌀을 모아 그를 먹였고, 그는 쑥쑥 자랐어요.",村中が米を出して彼を養い、彼はぐんぐん成長しました。,decor
Truyện cổ tích và truyền thuyết,🐉,4,Thánh Gióng (1),Ai đến xâm chiếm nước ta?,,,giặc Ân|giặc Minh|thủy quái,1,,question,6,8,Wer fiel in unser Land ein?,Who invaded our country?,Qui est venu envahir notre pays ?,누가 우리 나라를 침략했어요?,誰が私たちの国に攻めてきましたか。,
Truyện cổ tích và truyền thuyết,🐉,4,Thánh Gióng (1),Cậu bé xin vua rèn những gì?,,,ngựa sắt và roi sắt|kiếm vàng và khiên|cung và tên,1,,question,6,8,Was bat der Junge den König zu schmieden?,What did the boy ask the king to forge?,Qu'est-ce que le garçon a demandé au roi de forger ?,아이는 왕에게 무엇을 만들어달라고 했어요?,男の子は王に何を作ってほしいと頼みましたか。,
Truyện cổ tích và truyền thuyết,🐉,4,Thánh Gióng (2),Cậu bé vươn vai thành một vị tướng khổng lồ.,,read_quiz order_story fill_word listen_repeat,,,🧒💪,sentence,6,8,Der Junge streckte sich zu einem riesigen General.,The boy stretched and became a giant general.,Le garçon s'étira et devint un général géant.,아이는 기지개를 켜더니 거대한 장군이 되었어요.,男の子は伸びをすると巨大な将軍になりました。,decor
Truyện cổ tích và truyền thuyết,🐉,4,Thánh Gióng (2),"Chàng mặc áo giáp sắt, cưỡi ngựa sắt ra trận.",,,,,🛡️🐴,sentence,6,8,Er zog eine eiserne Rüstung an und ritt auf dem eisernen Pferd in die Schlacht.,He put on iron armour and rode the iron horse into battle.,Il enfila une armure de fer et monta sur le cheval de fer pour aller au combat.,그는 쇠 갑옷을 입고 쇠 말을 타고 전쟁터로 나갔어요.,彼は鉄の鎧を着て鉄の馬に乗り、戦場へ向かいました。,decor
Truyện cổ tích và truyền thuyết,🐉,4,Thánh Gióng (2),"Ngựa sắt phun lửa, chàng đánh tan quân giặc.",,,,,🐴🔥,sentence,6,8,"Das eiserne Pferd spie Feuer, und er schlug die Feinde in die Flucht.",The iron horse breathed fire and he crushed the enemy army.,"Le cheval de fer cracha du feu, et il détruisit l'armée ennemie.","쇠 말이 불을 뿜었고, 그는 적군을 무찔렀어요.",鉄の馬が火を吹き、彼は敵の軍を打ち破りました。,decor
Truyện cổ tích và truyền thuyết,🐉,4,Thánh Gióng (2),"Roi sắt gãy, chàng nhổ những bụi tre bên đường làm vũ khí.",,,,,🎋⚔️,sentence,6,8,"Als die Peitsche brach, riss er Bambus am Wegrand als Waffe aus.","When the whip broke, he pulled up bamboo by the road as a weapon.","Le fouet de fer se brisa, alors il arracha des bambous au bord de la route pour en faire des armes.",쇠 채찍이 부러지자 그는 길가의 대나무를 뽑아 무기로 썼어요.,鉄の鞭が折れると、彼は道端の竹を引き抜いて武器にしました。,decor
Truyện cổ tích và truyền thuyết,🐉,4,Thánh Gióng (2),"Thắng giặc, chàng cưỡi ngựa bay về trời.",,,,,🐴☁️,sentence,6,8,Nach dem Sieg ritt er auf dem Pferd in den Himmel.,"After the victory, he rode his horse up into the sky.","Après avoir vaincu l'ennemi, il monta sur son cheval et s'envola vers le ciel.",적을 물리친 후 그는 말을 타고 하늘로 날아갔어요.,敵に勝った後、彼は馬に乗って空へ飛んでいきました。,decor
Truyện cổ tích và truyền thuyết,🐉,4,Thánh Gióng (2),"Dân ta nhớ ơn, gọi chàng là Thánh Gióng.",,,,,🙏,sentence,6,8,Das Volk gedachte seiner in Dankbarkeit und nannte ihn Thánh Gióng.,Our people remembered him with gratitude and called him Thánh Gióng.,"Notre peuple, reconnaissant, l'appela Thánh Gióng.",우리 백성들은 은혜를 기억하며 그를 탄지옹이라고 불렀어요.,私たちの民は恩を忘れず、彼をタイン・ザオンと呼びました。,decor
Truyện cổ tích và truyền thuyết,🐉,4,Thánh Gióng (2),"Khi roi sắt gãy, chàng dùng gì để đánh giặc?",,,những bụi tre|một cây kiếm|đá,1,,question,6,8,"Was benutzte er, als die Peitsche brach?",What did he use when the whip broke?,"Quand le fouet de fer s'est brisé, qu'a-t-il utilisé pour combattre ?",쇠 채찍이 부러졌을 때 그는 무엇으로 적을 물리쳤어요?,鉄の鞭が折れたとき、彼は何を使って敵と戦いましたか。,
Truyện cổ tích và truyền thuyết,🐉,4,Thánh Gióng (2),"Thắng giặc xong, chàng đi đâu?",,,bay về trời|về nhà|đi biển,1,,question,6,8,Wohin ging er nach dem Sieg?,Where did he go after winning?,"Après avoir vaincu l'ennemi, où est-il allé ?",적을 물리친 후 그는 어디로 갔어요?,敵に勝った後、彼はどこへ行きましたか。,
Truyện cổ tích và truyền thuyết,🐉,4,Sự tích Hồ Gươm,"Ngày xưa, giặc Minh sang cướp nước ta.",,read_quiz order_story fill_word listen_repeat,,,⚔️🏹,sentence,6,8,Vor langer Zeit fielen die Ming-Feinde in unser Land ein.,"Long ago, the Ming invaders came to seize our country.","Autrefois, les envahisseurs Ming vinrent envahir notre pays.",옛날에 명나라 적이 우리 나라를 침략해왔어요.,昔、明の敵が私たちの国を侵略しに来ました。,decor
Truyện cổ tích và truyền thuyết,🐉,4,Sự tích Hồ Gươm,Lê Lợi nổi dậy đánh giặc.,,,,,🧑🚩,sentence,6,8,Lê Lợi erhob sich gegen die Feinde.,Lê Lợi rose up to fight the invaders.,Lê Lợi se souleva pour combattre l'ennemi.,레 러이가 일어나 적과 싸웠어요.,レー・ロイが立ち上がり敵と戦いました。,decor
Truyện cổ tích và truyền thuyết,🐉,4,Sự tích Hồ Gươm,Long Quân cho ông mượn một thanh gươm thần.,,,,,🐉🗡️,sentence,6,8,Der Drachenkönig lieh ihm ein Zauberschwert.,The Dragon King lent him a magic sword.,Le roi Dragon lui prêta une épée magique.,용왕이 그에게 신비한 칼을 빌려주었어요.,龍王は彼に神秘の剣を貸しました。,decor
Truyện cổ tích và truyền thuyết,🐉,4,Sự tích Hồ Gươm,"Nhờ gươm thần, quân ta đánh thắng giặc.",,,,,🗡️🏆,sentence,6,8,Dank des Zauberschwerts besiegte unser Heer die Feinde.,"Thanks to the magic sword, our army defeated the invaders.","Grâce à l'épée magique, notre armée vainquit l'ennemi.",신비한 칼 덕분에 우리 군대는 적을 물리쳤어요.,神秘の剣のおかげで、私たちの軍は敵に勝ちました。,decor
Truyện cổ tích và truyền thuyết,🐉,4,Sự tích Hồ Gươm,"Sau chiến thắng, Rùa Vàng nổi lên đòi lại gươm.",,,,,🐢🌊,sentence,6,8,Nach dem Sieg tauchte die Goldene Schildkröte auf und verlangte das Schwert zurück.,"After the victory, the Golden Turtle surfaced and asked for the sword back.","Après la victoire, la Tortue d'Or émergea pour réclamer l'épée.",승리 후 금거북이 나타나 칼을 돌려달라고 했어요.,勝利の後、金の亀が現れて剣を返すよう求めました。,decor
Truyện cổ tích và truyền thuyết,🐉,4,Sự tích Hồ Gươm,"Lê Lợi trả gươm, hồ được gọi là Hồ Gươm.",,,,,🏞️🗡️,sentence,6,8,"Lê Lợi gab das Schwert zurück, und der See heißt seitdem Hồ Gươm (Schwertsee).","Lê Lợi returned the sword, and the lake is called Hồ Gươm (Sword Lake).","Lê Lợi rendit l'épée, et le lac fut appelé Hồ Gươm (lac de l'Épée).","레 러이가 칼을 돌려주었고, 그 호수는 호 구엄(검호)이라고 불려요.",レー・ロイが剣を返し、その湖はホー・グオム（剣の湖）と呼ばれます。,decor
Truyện cổ tích và truyền thuyết,🐉,4,Sự tích Hồ Gươm,Ai nổi dậy đánh giặc Minh?,,,Lê Lợi|Lang Liêu|Thánh Gióng,1,,question,6,8,Wer erhob sich gegen die Ming-Feinde?,Who rose up against the Ming invaders?,Qui s'est soulevé contre les envahisseurs Ming ?,누가 명나라 적과 싸우기 위해 일어났어요?,誰が明の敵と戦うために立ち上がりましたか。,
Truyện cổ tích và truyền thuyết,🐉,4,Sự tích Hồ Gươm,Ai nổi lên đòi lại gươm?,,,Rùa Vàng|cá chép|rồng,1,,question,6,8,Wer verlangte das Schwert zurück?,Who asked for the sword back?,Qui a émergé pour réclamer l'épée ?,누가 나타나 칼을 돌려달라고 했어요?,誰が現れて剣を返すよう求めましたか。,
Truyện cổ tích và truyền thuyết,🐉,4,Con Rồng cháu Tiên,Lạc Long Quân là rồng ở dưới biển.,,read_quiz order_story fill_word listen_repeat,,,🐉🌊,sentence,6,8,"Lạc Long Quân war ein Drache, der im Meer lebte.",Lạc Long Quân was a dragon who lived under the sea.,Lạc Long Quân était un dragon qui vivait sous la mer.,락롱꿘은 바다 밑에 사는 용이었어요.,ラック・ロン・クアンは海の底に住む龍でした。,decor
Truyện cổ tích và truyền thuyết,🐉,4,Con Rồng cháu Tiên,Âu Cơ là tiên ở trên núi.,,,,,🧚⛰️,sentence,6,8,"Âu Cơ war eine Fee, die auf dem Berg lebte.",Âu Cơ was a fairy who lived in the mountains.,Âu Cơ était une fée qui vivait sur la montagne.,어우꺼는 산 위에 사는 선녀였어요.,アウ・コーは山に住む仙女でした。,decor
Truyện cổ tích và truyền thuyết,🐉,4,Con Rồng cháu Tiên,Hai người gặp nhau và kết thành vợ chồng.,,,,,💑,sentence,6,8,Die beiden trafen sich und wurden ein Ehepaar.,The two met and became husband and wife.,Ils se rencontrèrent et devinrent mari et femme.,두 사람은 만나서 부부가 되었어요.,二人は出会い夫婦になりました。,decor
Truyện cổ tích và truyền thuyết,🐉,4,Con Rồng cháu Tiên,"Âu Cơ sinh ra một bọc trăm trứng, nở ra một trăm người con.",,,,,🥚💯,sentence,6,8,"Âu Cơ gebar einen Beutel mit hundert Eiern, aus denen hundert Kinder schlüpften.","Âu Cơ gave birth to a sac of a hundred eggs, which hatched into a hundred children.","Âu Cơ donna naissance à un sac de cent œufs, qui éclorent en cent enfants.","어우꺼는 백 개의 알이 든 주머니를 낳았고, 거기서 백 명의 아이가 태어났어요.",アウ・コーは百個の卵の袋を産み、そこから百人の子供が生まれました。,decor
Truyện cổ tích và truyền thuyết,🐉,4,Con Rồng cháu Tiên,"Năm mươi người con theo cha xuống biển, năm mươi người con theo mẹ lên núi.",,,,,🌊⛰️,sentence,6,8,"Fünfzig Kinder folgten dem Vater ins Meer, fünfzig der Mutter auf den Berg.","Fifty children followed their father to the sea, fifty followed their mother to the mountains.","Cinquante enfants suivirent leur père vers la mer, cinquante suivirent leur mère vers la montagne.","쉰 명의 아이는 아버지를 따라 바다로, 쉰 명은 어머니를 따라 산으로 갔어요.",五十人の子供は父について海へ、五十人は母について山へ行きました。,decor
Truyện cổ tích và truyền thuyết,🐉,4,Con Rồng cháu Tiên,"Người con cả lên làm vua, gọi là Hùng Vương.",,,,,🤴👑,sentence,6,8,Das älteste Kind wurde König und hieß Hùng Vương.,"The eldest child became king, called Hùng Vương.","L'aîné devint roi, appelé Hùng Vương.","맏아들이 왕이 되었는데, 훙 브엉이라고 불려요.",長男が王になり、フン・ヴオンと呼ばれました。,decor
Truyện cổ tích và truyền thuyết,🐉,4,Con Rồng cháu Tiên,Lạc Long Quân sống ở đâu?,,,dưới biển|trên núi|trong rừng,1,,question,6,8,Wo lebte Lạc Long Quân?,Where did Lạc Long Quân live?,Où vivait Lạc Long Quân ?,락롱꿘은 어디에 살았어요?,ラック・ロン・クアンはどこに住んでいましたか。,
Truyện cổ tích và truyền thuyết,🐉,4,Con Rồng cháu Tiên,Có bao nhiêu người con theo mẹ lên núi?,,,năm mươi|mười|một trăm,1,,question,6,8,Wie viele Kinder folgten der Mutter auf den Berg?,How many children followed their mother to the mountains?,Combien d'enfants ont suivi leur mère vers la montagne ?,몇 명의 아이가 어머니를 따라 산으로 갔어요?,何人の子供が母について山へ行きましたか。,
Truyện cổ tích và truyền thuyết,🐉,4,Tấm Cám (1),"Ngày xưa, có cô Tấm mồ côi cả cha lẫn mẹ.",,read_quiz order_story fill_word listen_repeat,,,👧😢,sentence,6,8,"Es war einmal ein Mädchen namens Tấm, das keine Eltern mehr hatte.","Long ago, there was a girl named Tấm who had lost both her parents.","Autrefois, il y avait une fille nommée Tấm, orpheline de père et de mère.",옛날에 부모를 모두 여읜 떰이라는 소녀가 있었어요.,昔、両親を亡くしたタムという娘がいました。,decor
Truyện cổ tích và truyền thuyết,🐉,4,Tấm Cám (1),"Tấm sống với dì ghẻ và Cám, con của dì.",,,,,👧👩,sentence,6,8,"Tấm lebte bei ihrer Stiefmutter und Cám, deren Tochter.","Tấm lived with her stepmother and Cám, the stepmother's daughter.","Tấm vivait avec sa belle-mère et Cám, la fille de celle-ci.",떰은 계모와 계모의 딸 깜과 함께 살았어요.,タムは継母と継母の娘カムと一緒に暮らしていました。,decor
Truyện cổ tích và truyền thuyết,🐉,4,Tấm Cám (1),Dì ghẻ bắt Tấm làm việc suốt ngày.,,,,,👧🧹,sentence,6,8,Die Stiefmutter ließ Tấm den ganzen Tag arbeiten.,The stepmother made Tấm work all day.,La belle-mère forçait Tấm à travailler toute la journée.,계모는 떰에게 하루 종일 일을 시켰어요.,継母はタムに一日中働かせました。,decor
Truyện cổ tích và truyền thuyết,🐉,4,Tấm Cám (1),Còn Cám thì được ăn ngon và chơi cả ngày.,,,,,👧🍰,sentence,6,8,Cám dagegen bekam gutes Essen und spielte den ganzen Tag.,"Cám, on the other hand, ate well and played all day.","Quant à Cám, elle mangeait bien et jouait toute la journée.",반면 깜은 맛있는 음식을 먹고 하루 종일 놀았어요.,一方カムはおいしいものを食べて一日中遊んでいました。,decor
Truyện cổ tích và truyền thuyết,🐉,4,Tấm Cám (1),"Mỗi khi Tấm khóc, Bụt lại hiện lên giúp đỡ.",,,,,🧙✨,sentence,6,8,"Immer wenn Tấm weinte, erschien Bụt, um ihr zu helfen.","Whenever Tấm cried, Bụt appeared to help her.","Chaque fois que Tấm pleurait, Bụt apparaissait pour l'aider.",떰이 울 때마다 부처님이 나타나 도와주었어요.,タムが泣くたびに仏様が現れて助けてくれました。,decor
Truyện cổ tích và truyền thuyết,🐉,4,Tấm Cám (1),Tấm sống với ai?,,,dì ghẻ và Cám|bố và mẹ|bà ngoại,1,,question,6,8,Bei wem lebte Tấm?,Who did Tấm live with?,Avec qui Tấm vivait-elle ?,떰은 누구와 함께 살았어요?,タムは誰と一緒に暮らしていましたか。,
Truyện cổ tích và truyền thuyết,🐉,4,Tấm Cám (1),Ai hiện lên giúp đỡ Tấm?,,,Bụt|nhà vua|con cá,1,,question,6,8,"Wer erschien, um Tấm zu helfen?",Who appeared to help Tấm?,Qui apparaissait pour aider Tấm ?,누가 나타나 떰을 도와주었어요?,誰が現れてタムを助けましたか。,
Truyện cổ tích và truyền thuyết,🐉,4,Tấm Cám (2),"Nhờ Bụt, Tấm có quần áo đẹp để đi xem hội.",,read_quiz order_story fill_word listen_repeat,,,👗✨,sentence,6,8,Dank Bụt bekam Tấm schöne Kleider für das Fest.,"Thanks to Bụt, Tấm had beautiful clothes to go to the festival.","Grâce à Bụt, Tấm eut de beaux habits pour aller à la fête.",부처님 덕분에 떰은 축제에 갈 예쁜 옷을 갖게 되었어요.,仏様のおかげで、タムは祭りに行くきれいな服を手に入れました。,decor
Truyện cổ tích và truyền thuyết,🐉,4,Tấm Cám (2),"Trên đường chạy về, Tấm đánh rơi một chiếc giày.",,,,,🏃👟,sentence,6,8,Auf dem Heimweg verlor Tấm einen Schuh.,"Running home, Tấm dropped one shoe.","En courant pour rentrer, Tấm perdit une chaussure.",집으로 뛰어가던 중 떰은 신발 한 짝을 떨어뜨렸어요.,家に走って帰る途中、タムは靴を片方落としました。,decor
Truyện cổ tích và truyền thuyết,🐉,4,Tấm Cám (2),Nhà vua nhặt được giày và cho người đi tìm chủ nhân.,,,,,🤴🔍,sentence,6,8,Der König fand den Schuh und ließ die Besitzerin suchen.,The king found the shoe and had people search for its owner.,Le roi trouva la chaussure et envoya des gens chercher sa propriétaire.,왕이 신발을 주워서 주인을 찾으러 사람을 보냈어요.,王様は靴を拾い、持ち主を探すよう人を送りました。,decor
Truyện cổ tích và truyền thuyết,🐉,4,Tấm Cám (2),Chiếc giày vừa vặn với chân Tấm.,,,,,🦶👟,sentence,6,8,Der Schuh passte genau an Tấms Fuß.,The shoe fitted Tấm's foot perfectly.,La chaussure allait parfaitement au pied de Tấm.,그 신발은 떰의 발에 꼭 맞았어요.,その靴はタムの足にぴったり合いました。,decor
Truyện cổ tích và truyền thuyết,🐉,4,Tấm Cám (2),"Tấm trở thành hoàng hậu, sống hạnh phúc.",,,,,👸💖,sentence,6,8,Tấm wurde Königin und lebte glücklich.,Tấm became queen and lived happily.,Tấm devint reine et vécut heureuse.,떰은 왕비가 되어 행복하게 살았어요.,タムは王妃になり幸せに暮らしました。,decor
Truyện cổ tích và truyền thuyết,🐉,4,Tấm Cám (2),Tấm đánh rơi vật gì?,,,chiếc giày|chiếc nhẫn|chiếc mũ,1,,question,6,8,Was verlor Tấm?,What did Tấm drop?,Qu'est-ce que Tấm a laissé tomber ?,떰은 무엇을 떨어뜨렸어요?,タムは何を落としましたか。,
Truyện cổ tích và truyền thuyết,🐉,4,Tấm Cám (2),Ai nhặt được chiếc giày?,,,nhà vua|Cám|dì ghẻ,1,,question,6,8,Wer fand den Schuh?,Who found the shoe?,Qui a trouvé la chaussure ?,누가 신발을 주웠어요?,誰が靴を拾いましたか。,
Truyện cổ tích và truyền thuyết,🐉,4,Sơn Tinh và Thủy Tinh,Vua Hùng có nàng công chúa Mị Nương rất xinh đẹp.,,read_quiz order_story fill_word listen_repeat,,,🤴👸,sentence,6,8,"König Hùng hatte eine sehr schöne Tochter, Prinzessin Mị Nương.","King Hùng had a very beautiful daughter, Princess Mị Nương.","Le roi Hùng avait une princesse très belle, Mị Nương.",훙 왕에게는 아주 아름다운 미느엉 공주가 있었어요.,フン王にはとても美しいミー・ヌオン姫がいました。,decor
Truyện cổ tích và truyền thuyết,🐉,4,Sơn Tinh và Thủy Tinh,"Sơn Tinh ở trên núi, Thủy Tinh ở dưới biển, cả hai đều đến cầu hôn.",,,,,⛰️🌊,sentence,6,8,Sơn Tinh vom Berg und Thủy Tinh vom Meer hielten beide um ihre Hand an.,Sơn Tinh of the mountains and Thủy Tinh of the sea both came to ask for her hand.,"Sơn Tinh vivait sur la montagne, Thủy Tinh sous la mer, tous deux vinrent la demander en mariage.",산에 사는 선띤과 바다에 사는 투이띤이 둘 다 청혼하러 왔어요.,山に住むソン・ティンと海に住むトゥイ・ティンの二人がプロポーズに来ました。,decor
Truyện cổ tích và truyền thuyết,🐉,4,Sơn Tinh và Thủy Tinh,Vua hẹn ai mang lễ vật đến trước sẽ được cưới công chúa.,,,,,🎁🏃,sentence,6,8,"Der König versprach sie dem, der zuerst die Brautgeschenke brächte.",The king promised her to whoever brought the wedding gifts first.,Le roi promit la princesse à celui qui apporterait les cadeaux de mariage en premier.,왕은 예물을 먼저 가져오는 사람과 공주를 결혼시키겠다고 했어요.,王は結納の品を先に持ってきた方に姫を嫁がせると約束しました。,decor
Truyện cổ tích và truyền thuyết,🐉,4,Sơn Tinh và Thủy Tinh,Sơn Tinh đến trước và cưới được Mị Nương.,,,,,⛰️💍,sentence,6,8,Sơn Tinh kam zuerst und heiratete Mị Nương.,Sơn Tinh arrived first and married Mị Nương.,Sơn Tinh arriva le premier et épousa Mị Nương.,선띤이 먼저 도착해서 미느엉과 결혼했어요.,ソン・ティンが先に到着し、ミー・ヌオンと結婚しました。,decor
Truyện cổ tích và truyền thuyết,🐉,4,Sơn Tinh và Thủy Tinh,"Thủy Tinh tức giận, dâng nước lên đánh Sơn Tinh.",,,,,🌊😠,sentence,6,8,Zornig ließ Thủy Tinh das Wasser steigen und griff Sơn Tinh an.,"Furious, Thủy Tinh raised the water to attack Sơn Tinh.","Furieux, Thủy Tinh fit monter les eaux pour attaquer Sơn Tinh.",화가 난 투이띤은 물을 불려 선띤을 공격했어요.,怒ったトゥイ・ティンは水位を上げてソン・ティンを攻撃しました。,decor
Truyện cổ tích và truyền thuyết,🐉,4,Sơn Tinh và Thủy Tinh,"Sơn Tinh làm núi cao lên, nước dâng đến đâu núi cao đến đó.",,,,,🏔️🌊,sentence,6,8,"Sơn Tinh ließ den Berg wachsen: So hoch das Wasser stieg, so hoch wuchs der Berg.","Sơn Tinh made the mountain grow: as high as the water rose, so high the mountain grew.","Sơn Tinh fit grandir la montagne : partout où l'eau montait, la montagne montait aussi.","선띤은 산을 더 높였고, 물이 차오르는 만큼 산도 높아졌어요.",ソン・ティンは山を高くし、水が上がる分だけ山も高くなりました。,decor
Truyện cổ tích và truyền thuyết,🐉,4,Sơn Tinh và Thủy Tinh,Ai đến trước và cưới được công chúa?,,,Sơn Tinh|Thủy Tinh|Lang Liêu,1,,question,6,8,Wer kam zuerst und heiratete die Prinzessin?,Who arrived first and married the princess?,Qui est arrivé le premier et a épousé la princesse ?,누가 먼저 도착해서 공주와 결혼했어요?,誰が先に着いて姫と結婚しましたか。,
Truyện cổ tích và truyền thuyết,🐉,4,Sơn Tinh và Thủy Tinh,Vì sao Thủy Tinh dâng nước lên?,,,vì tức giận|vì vui|vì khát,1,,question,6,8,Warum ließ Thủy Tinh das Wasser steigen?,Why did Thủy Tinh raise the water?,Pourquoi Thủy Tinh a-t-il fait monter les eaux ?,투이띤은 왜 물을 불렸어요?,トゥイ・ティンはなぜ水位を上げましたか。,
"Ca dao, tục ngữ và đồng dao",🎋,4,Tục ngữ: biết ơn và gia đình,Uống nước nhớ nguồn.,,fill_word order_words write_check listen_repeat,,,💧,sentence,6,8,"Wer Wasser trinkt, denkt an die Quelle (sei dankbar).","When you drink water, remember its source (be grateful).","Quand tu bois de l'eau, souviens-toi de sa source (sois reconnaissant).",물을 마실 때 그 근원을 기억하라 (감사할 줄 알아야 한다).,水を飲むときは源を忘れるな（恩を忘れるな）。,decor
"Ca dao, tục ngữ và đồng dao",🎋,4,Tục ngữ: biết ơn và gia đình,Ăn quả nhớ kẻ trồng cây.,,,,,🍎,sentence,6,8,"Wer Früchte isst, denkt an den, der den Baum pflanzte (sei dankbar).","When you eat fruit, remember who planted the tree (be grateful).","Quand tu manges un fruit, souviens-toi de celui qui a planté l'arbre (sois reconnaissant).",열매를 먹을 때 나무를 심은 사람을 기억하라 (감사할 줄 알아야 한다).,実を食べるときは木を植えた人を忘れるな（恩を忘れるな）。,decor
"Ca dao, tục ngữ và đồng dao",🎋,4,Tục ngữ: biết ơn và gia đình,Anh em như thể tay chân.,,,,,🤝,sentence,6,8,Geschwister sind wie Hände und Füße (sie gehören zusammen).,Siblings are like hands and feet (they belong together).,Les frères et sœurs sont comme les mains et les pieds (ils sont inséparables).,형제는 손발과 같다 (서로 떼어놓을 수 없다).,兄弟は手足のようなもの（切っても切れない関係）。,decor
"Ca dao, tục ngữ và đồng dao",🎋,4,Tục ngữ: biết ơn và gia đình,Chị ngã em nâng.,,,,,🤲,sentence,6,8,"Fällt die große Schwester, hebt die kleine sie auf (Geschwister helfen einander).","When big sister falls, little brother lifts her up (siblings help each other).","Quand la grande sœur tombe, le petit frère la relève (les frères et sœurs s'entraident).",언니가 넘어지면 동생이 일으켜준다 (형제는 서로 돕는다).,姉が転べば弟が支える（兄弟は助け合う）。,decor
"Ca dao, tục ngữ và đồng dao",🎋,4,Tục ngữ: biết ơn và gia đình,Kính trên nhường dưới.,,,,,👴,sentence,6,8,"Ältere achten, Jüngeren nachgeben (Respekt und Rücksicht).",Respect your elders and give way to the young.,Respecte tes aînés et cède aux plus jeunes.,윗사람을 공경하고 아랫사람을 배려하라.,年上を敬い、年下に譲る。,decor
"Ca dao, tục ngữ và đồng dao",🎋,4,Tục ngữ: biết ơn và gia đình,Lá lành đùm lá rách.,,,,,🍃,sentence,6,8,Ein heiles Blatt schützt ein zerrissenes (hilf denen in Not).,A whole leaf wraps a torn leaf (help those in need).,Une feuille intacte enveloppe une feuille déchirée (aide ceux qui sont dans le besoin).,성한 잎이 찢어진 잎을 감싸준다 (어려운 사람을 도와야 한다).,健やかな葉が破れた葉を包む（困っている人を助ける）。,decor
"Ca dao, tục ngữ và đồng dao",🎋,4,Tục ngữ: học tập và đoàn kết,"Có công mài sắt, có ngày nên kim.",,fill_word order_words write_check listen_repeat,,,🔨,sentence,6,8,Mit Ausdauer wird aus Eisen eine Nadel (Übung macht den Meister).,"With effort, iron can be ground into a needle (perseverance pays off).","À force de polir le fer, on finit par en faire une aiguille (la persévérance paie).",쇠를 갈고 또 갈면 바늘이 된다 (노력하면 이룬다).,鉄を磨き続ければ針になる（努力は報われる）。,decor
"Ca dao, tục ngữ và đồng dao",🎋,4,Tục ngữ: học tập và đoàn kết,"Đi một ngày đàng, học một sàng khôn.",,,,,🚶,sentence,6,8,Eine Tagesreise bringt einen Korb voll Weisheit.,A day's journey brings a basketful of wisdom.,Un jour de voyage apporte une pleine corbeille de sagesse.,하루 여행하면 한 소쿠리의 지혜를 배운다.,一日旅をすれば、それだけ知恵が増える。,decor
"Ca dao, tục ngữ và đồng dao",🎋,4,Tục ngữ: học tập và đoàn kết,"Học ăn, học nói, học gói, học mở.",,,,,📖,sentence,6,8,"Essen, sprechen, einpacken, öffnen: alles will gelernt sein (gutes Benehmen lernen).","Learn to eat, to speak, to wrap, to open (learn good manners).","Apprendre à manger, à parler, à emballer, à déballer (apprendre les bonnes manières).","먹는 법, 말하는 법, 싸는 법, 여는 법을 배워라 (예절을 배워야 한다).",食べ方、話し方、包み方、開け方を学べ（礼儀を学べ）。,decor
"Ca dao, tục ngữ và đồng dao",🎋,4,Tục ngữ: học tập và đoàn kết,"Một cây làm chẳng nên non, ba cây chụm lại nên hòn núi cao.",,,,,🌳,sentence,6,8,"Ein Baum macht keinen Berg, drei Bäume zusammen einen hohen (Einigkeit macht stark).",One tree does not make a mountain; three together make a tall one (unity is strength).,"Un seul arbre ne fait pas une montagne, mais trois arbres ensemble en font une haute (l'union fait la force).","나무 한 그루로는 산이 안 되지만, 세 그루가 모이면 높은 산이 된다 (단결이 힘이다).",木一本では山にならないが、三本集まれば高い山になる（団結は力なり）。,decor
"Ca dao, tục ngữ và đồng dao",🎋,4,Tục ngữ: học tập và đoàn kết,"Gần mực thì đen, gần đèn thì rạng.",,,,,💡,sentence,6,8,"Nah bei der Tinte wird man schwarz, nah bei der Lampe hell (der Umgang prägt).","Near ink you turn black, near a lamp you shine (you are shaped by company).","Près de l'encre, on devient noir ; près de la lampe, on brille (on est influencé par son entourage).","먹을 가까이하면 검어지고, 등불을 가까이하면 밝아진다 (환경의 영향을 받는다).",墨に近づけば黒くなり、灯りに近づけば明るくなる（環境に影響される）。,decor
"Ca dao, tục ngữ và đồng dao",🎋,4,Tục ngữ: học tập và đoàn kết,Có chí thì nên.,,,,,💪,sentence,6,8,"Wer Willen hat, schafft es.","Where there's a will, there's a way.","Quand on a de la volonté, on réussit.",뜻이 있으면 이룰 수 있다.,志あれば事成る。,decor
"Ca dao, tục ngữ và đồng dao",🎋,4,Ca dao và đồng dao,"Bầu ơi thương lấy bí cùng, tuy rằng khác giống nhưng chung một giàn.",,fill_word order_words write_check listen_repeat,,,🥒,sentence,6,8,"Kürbis, hab die Gurke lieb: verschieden, doch am selben Gitter (Zusammenhalt).","Gourd, love the squash: different kinds, yet on the same trellis (solidarity).","Gourde, aime la courge : espèces différentes, mais sur la même tonnelle (solidarité).","박아, 박아, 호박을 사랑해라, 비록 다른 종이지만 같은 시렁에 있으니 (서로 도와야 한다).",ひょうたんよ、かぼちゃを愛せよ、種類は違えど同じ棚にいるのだから（助け合いの心）。,decor
"Ca dao, tục ngữ và đồng dao",🎋,4,Ca dao và đồng dao,"Con cò bé bé, nó đậu cành tre.",,,,,🦢,sentence,6,8,Der kleine Storch sitzt auf dem Bambuszweig (Kinderreim).,The little stork perches on the bamboo branch (nursery rhyme).,Le petit héron se pose sur la branche de bambou (comptine).,작은 황새가 대나무 가지에 앉았네 (전래동요).,小さなコウノトリが竹の枝に止まった（わらべ歌）。,decor
"Ca dao, tục ngữ và đồng dao",🎋,4,Ca dao và đồng dao,"Lạy trời mưa xuống, lấy nước tôi uống, lấy ruộng tôi cày, lấy đầy bát cơm.",,,,,🌧️,sentence,6,8,"Lieber Himmel, lass es regnen: Wasser zum Trinken, Felder zum Pflügen, eine volle Reisschale.","Dear sky, let the rain fall: water to drink, fields to plough, a full bowl of rice.","Cher ciel, fais tomber la pluie : de l'eau à boire, des champs à labourer, un bol de riz bien rempli.","하늘이시여 비를 내려주소서, 마실 물을 주시고, 갈 밭을 주시고, 가득 찬 밥그릇을 주소서.",空よ、雨を降らせておくれ、飲む水を、耕す田を、いっぱいのご飯を。,decor
"Ca dao, tục ngữ và đồng dao",🎋,4,Ca dao và đồng dao,"Dung dăng dung dẻ, dắt trẻ đi chơi.",,,,,🧒,sentence,6,8,"Hüpf, hüpf, hüpf: wir führen die Kinder zum Spielen (Kinderreim).","Skip along, skip along, leading the children out to play (nursery rhyme).","Dung dăng dung dẻ, on emmène les enfants jouer (comptine).","둥당둥당, 아이들 손잡고 놀러 가요 (전래동요).",ドゥンザンドゥンゼー、子供たちの手を引いて遊びに行く（わらべ歌）。,decor
"Ca dao, tục ngữ và đồng dao",🎋,4,Ca dao và đồng dao,"Con gà cục tác lá chanh, con lợn ủn ỉn mua hành cho ta.",,,,,🐔,sentence,6,8,"Das Huhn gackert beim Zitronenblatt, das Schwein grunzt: kauf mir Zwiebeln (Kinderreim).","The hen clucks by the lime leaf, the pig grunts: buy me spring onions (nursery rhyme).","La poule glousse près de la feuille de citronnier, le cochon grogne : achète-moi des oignons verts (comptine).","닭은 레몬잎 옆에서 꼬꼬댁, 돼지는 꿀꿀거리며 파를 사달라 하네 (전래동요).",鶏はレモンの葉のそばでコッコッ、豚はブーブー言ってネギを買ってと言う（わらべ歌）。,decor
Viết đúng chính tả,✍️,4,Viết hoa đầu câu và tên riêng,Hà Nội là thủ đô của Việt Nam.,,write_check fill_word order_words listen_repeat,,,🏛️,sentence,6,8,Hanoi ist die Hauptstadt von Vietnam.,Hanoi is the capital of Vietnam.,Hanoï est la capitale du Vietnam.,하노이는 베트남의 수도예요.,ハノイはベトナムの首都です。,decor
Viết đúng chính tả,✍️,4,Viết hoa đầu câu và tên riêng,Nam chơi bóng với Bình.,,,,,⚽,sentence,6,8,Nam spielt mit Bình Fußball.,Nam plays ball with Bình.,Nam joue au ballon avec Bình.,남은 빈과 공을 가지고 놀아요.,ナムはビンとボール遊びをします。,decor
Viết đúng chính tả,✍️,4,Viết hoa đầu câu và tên riêng,Mai đọc sách ở thư viện.,,,,,📚,sentence,6,8,Mai liest in der Bibliothek ein Buch.,Mai reads a book in the library.,Mai lit un livre à la bibliothèque.,마이는 도서관에서 책을 읽어요.,マイは図書館で本を読みます。,decor
Viết đúng chính tả,✍️,4,Viết hoa đầu câu và tên riêng,Sông Hồng chảy qua Hà Nội.,,,,,🏞️,sentence,6,8,Der Rote Fluss fließt durch Hanoi.,The Red River flows through Hanoi.,Le fleuve Rouge traverse Hanoï.,홍강은 하노이를 지나 흘러요.,紅河はハノイを流れています。,decor
Viết đúng chính tả,✍️,4,Viết hoa đầu câu và tên riêng,Bà kể chuyện cho Lan nghe.,,,,,👵,sentence,6,8,Oma erzählt Lan eine Geschichte.,Grandma tells Lan a story.,Grand-mère raconte une histoire à Lan.,할머니가 란에게 이야기를 해줘요.,おばあちゃんがランにお話をしてくれます。,decor
Viết đúng chính tả,✍️,4,Viết hoa đầu câu và tên riêng,Huế có nhiều cung điện cổ.,,,,,🏯,sentence,6,8,Huế hat viele alte Paläste.,Huế has many old palaces.,Huế a de nombreux anciens palais.,후에에는 오래된 궁전이 많아요.,フエには古い宮殿がたくさんあります。,decor
Viết đúng chính tả,✍️,4,"Dấu câu: chấm, chấm hỏi, chấm than",Trời mưa rồi.,,write_check fill_word order_words listen_repeat,,,🌧️,sentence,6,8,Es regnet.,It is raining.,Il pleut.,비가 와요.,雨が降っています。,decor
Viết đúng chính tả,✍️,4,"Dấu câu: chấm, chấm hỏi, chấm than",Con đang làm gì?,,,,,🤔,sentence,6,8,Was machst du gerade?,What are you doing?,Que fais-tu ?,뭐 하고 있어요?,何をしていますか。,decor
Viết đúng chính tả,✍️,4,"Dấu câu: chấm, chấm hỏi, chấm than","Ôi, bông hoa đẹp quá!",,,,,🌸,sentence,6,8,"Oh, was für eine schöne Blume!","Oh, what a beautiful flower!","Oh, quelle belle fleur !","우와, 꽃이 정말 예뻐요!",わあ、お花がとてもきれい！,decor
Viết đúng chính tả,✍️,4,"Dấu câu: chấm, chấm hỏi, chấm than",Bạn tên là gì?,,,,,🙋,sentence,6,8,Wie heißt du?,What is your name?,Comment tu t'appelles ?,이름이 뭐예요?,お名前は何ですか。,decor
Viết đúng chính tả,✍️,4,"Dấu câu: chấm, chấm hỏi, chấm than",Cẩn thận nhé!,,,,,⚠️,sentence,6,8,Pass auf!,Be careful!,Fais attention !,조심하세요!,気をつけて！,decor
Viết đúng chính tả,✍️,4,"Dấu câu: chấm, chấm hỏi, chấm than","Mẹ mua cam, táo và chuối.",,,,,🍎,sentence,6,8,"Mama kauft Orangen, Äpfel und Bananen.","Mum buys oranges, apples and bananas.","Maman achète des oranges, des pommes et des bananes.","엄마가 오렌지, 사과, 바나나를 사요.",ママはオレンジとりんごとバナナを買います。,decor
Viết đúng chính tả,✍️,4,"Dấu câu: chấm, chấm hỏi, chấm than",Con có khỏe không?,,,,,😊,sentence,6,8,Geht es dir gut?,Are you well?,Comment vas-tu ?,잘 지내요?,元気ですか。,decor
Viết đúng chính tả,✍️,4,"Chính tả: c, k, q, g, gh, ng, ngh",cá,,spell_word trace read_pick listen_repeat,,,🐟,word,6,8,Fisch,fish,poisson,물고기,魚,
Viết đúng chính tả,✍️,4,"Chính tả: c, k, q, g, gh, ng, ngh",cờ,,,,,🚩,word,6,8,Fahne,flag,drapeau,깃발,旗,
Viết đúng chính tả,✍️,4,"Chính tả: c, k, q, g, gh, ng, ngh",kẹo,,,,,🍬,word,6,8,Bonbon,"sweet, candy",bonbon,사탕,あめ,
Viết đúng chính tả,✍️,4,"Chính tả: c, k, q, g, gh, ng, ngh",kính,,,,,👓,word,6,8,Brille,glasses,lunettes,안경,めがね,
Viết đúng chính tả,✍️,4,"Chính tả: c, k, q, g, gh, ng, ngh",quả,,,,,🍎,word,6,8,Frucht,fruit,fruit,과일,果物,
Viết đúng chính tả,✍️,4,"Chính tả: c, k, q, g, gh, ng, ngh",gà,,,,,🐔,word,6,8,Huhn,chicken,poule,닭,にわとり,
Viết đúng chính tả,✍️,4,"Chính tả: c, k, q, g, gh, ng, ngh",ghế,,,,,🪑,word,6,8,Stuhl,chair,chaise,의자,いす,
Viết đúng chính tả,✍️,4,"Chính tả: c, k, q, g, gh, ng, ngh",ngô,,,,,🌽,word,6,8,Mais,corn,maïs,옥수수,とうもろこし,
Viết đúng chính tả,✍️,4,"Chính tả: c, k, q, g, gh, ng, ngh",nghé,,,,,🐃,word,6,8,Büffelkalb,baby buffalo,bufflon,아기 물소,子水牛,
Viết đúng chính tả,✍️,4,"Chính tả: c, k, q, g, gh, ng, ngh",nghe,,,,,👂,word,6,8,hören,"to listen, to hear",écouter,듣다,聞く,
Viết đúng chính tả,✍️,4,"Chính tả: ch, tr, s, x, d, gi, r",chổi,,spell_word trace read_pick listen_repeat,,,🧹,word,6,8,Besen,broom,balai,빗자루,ほうき,
Viết đúng chính tả,✍️,4,"Chính tả: ch, tr, s, x, d, gi, r",trứng,,,,,🥚,word,6,8,Ei,egg,œuf,계란,卵,
Viết đúng chính tả,✍️,4,"Chính tả: ch, tr, s, x, d, gi, r",trăng,,,,,🌙,word,6,8,Mond,moon,lune,달,月,
Viết đúng chính tả,✍️,4,"Chính tả: ch, tr, s, x, d, gi, r",sữa,,,,,🥛,word,6,8,Milch,milk,lait,우유,牛乳,
Viết đúng chính tả,✍️,4,"Chính tả: ch, tr, s, x, d, gi, r",xôi,,,,,🍙,word,6,8,Klebreis,sticky rice,riz gluant,찰밥,おこわ,
Viết đúng chính tả,✍️,4,"Chính tả: ch, tr, s, x, d, gi, r",sao,,,,,⭐,word,6,8,Stern,star,étoile,별,星,
Viết đúng chính tả,✍️,4,"Chính tả: ch, tr, s, x, d, gi, r",giày,,,,,👟,word,6,8,Schuhe,shoes,chaussures,신발,くつ,
Viết đúng chính tả,✍️,4,"Chính tả: ch, tr, s, x, d, gi, r",rùa,,,,,🐢,word,6,8,Schildkröte,turtle,tortue,거북이,かめ,
Viết đúng chính tả,✍️,4,"Chính tả: ch, tr, s, x, d, gi, r",rau,,,,,🥬,word,6,8,Gemüse,vegetables,légumes,채소,野菜,
Viết đúng chính tả,✍️,4,"Chính tả: ch, tr, s, x, d, gi, r",dê,,,,,🐐,word,6,8,Ziege,goat,chèvre,염소,やぎ,
Từ chỉ hoạt động và đặc điểm,🧠,4,Từ chỉ hoạt động,nhảy,,read_pick spell_word match listen_repeat,,,🤸,word,6,8,springen,to jump,sauter,뛰다,跳ぶ,
Từ chỉ hoạt động và đặc điểm,🧠,4,Từ chỉ hoạt động,bơi,,,,,🏊,word,6,8,schwimmen,to swim,nager,수영하다,泳ぐ,
Từ chỉ hoạt động và đặc điểm,🧠,4,Từ chỉ hoạt động,viết,,,,,✍️,word,6,8,schreiben,to write,écrire,쓰다,書く,
Từ chỉ hoạt động và đặc điểm,🧠,4,Từ chỉ hoạt động,đọc,,,,,📖,word,6,8,lesen,to read,lire,읽다,読む,
Từ chỉ hoạt động và đặc điểm,🧠,4,Từ chỉ hoạt động,hát,,,,,🎤,word,6,8,singen,to sing,chanter,노래하다,歌う,
Từ chỉ hoạt động và đặc điểm,🧠,4,Từ chỉ hoạt động,múa,,,,,💃,word,6,8,tanzen,to dance,danser,춤추다,踊る,
Từ chỉ hoạt động và đặc điểm,🧠,4,Từ chỉ hoạt động,cười,,,,,😄,word,6,8,lachen,to laugh,rire,웃다,笑う,
Từ chỉ hoạt động và đặc điểm,🧠,4,Từ chỉ hoạt động,khóc,,,,,😢,word,6,8,weinen,to cry,pleurer,울다,泣く,
Từ chỉ hoạt động và đặc điểm,🧠,4,Từ chỉ đặc điểm,to,,read_pick spell_word match listen_repeat,,,🐘,word,6,8,groß,big,grand,큰,大きい,
Từ chỉ hoạt động và đặc điểm,🧠,4,Từ chỉ đặc điểm,nhỏ,,,,,🐜,word,6,8,klein,small,petit,작은,小さい,
Từ chỉ hoạt động và đặc điểm,🧠,4,Từ chỉ đặc điểm,cao,,,,,🦒,word,6,8,"hoch, groß",tall,grand (taille),키가 큰,高い,
Từ chỉ hoạt động và đặc điểm,🧠,4,Từ chỉ đặc điểm,nhanh,,,,,🐆,word,6,8,schnell,fast,rapide,빠른,速い,
Từ chỉ hoạt động và đặc điểm,🧠,4,Từ chỉ đặc điểm,chậm,,,,,🐌,word,6,8,langsam,slow,lent,느린,遅い,
Từ chỉ hoạt động và đặc điểm,🧠,4,Từ chỉ đặc điểm,nóng,,,,,🥵,word,6,8,heiß,hot,chaud,뜨거운,熱い,
Từ chỉ hoạt động và đặc điểm,🧠,4,Từ chỉ đặc điểm,lạnh,,,,,🥶,word,6,8,kalt,cold,froid,추운,寒い,
Từ chỉ hoạt động và đặc điểm,🧠,4,Từ chỉ đặc điểm,sáng,,,,,☀️,word,6,8,hell,bright,lumineux,밝은,明るい,
Từ chỉ hoạt động và đặc điểm,🧠,4,Đặt câu với từ chỉ đặc điểm,Con báo chạy rất nhanh.,,fill_word order_words write_check listen_repeat,,,🐆,sentence,6,8,Der Leopard rennt sehr schnell.,The leopard runs very fast.,Le léopard court très vite.,표범은 아주 빨리 달려요.,ヒョウはとても速く走ります。,decor
Từ chỉ hoạt động và đặc điểm,🧠,4,Đặt câu với từ chỉ đặc điểm,Con ốc sên bò rất chậm.,,,,,🐌,sentence,6,8,Die Schnecke kriecht sehr langsam.,The snail crawls very slowly.,L'escargot rampe très lentement.,달팽이는 아주 느리게 기어가요.,カタツムリはとてもゆっくり進みます。,decor
Từ chỉ hoạt động và đặc điểm,🧠,4,Đặt câu với từ chỉ đặc điểm,Con voi rất to.,,,,,🐘⬆️,sentence,6,8,Der Elefant ist sehr groß.,The elephant is very big.,L'éléphant est très grand.,코끼리는 아주 커요.,ゾウはとても大きいです。,decor
Từ chỉ hoạt động và đặc điểm,🧠,4,Đặt câu với từ chỉ đặc điểm,Con kiến rất nhỏ.,,,,,🐜🔬,sentence,6,8,Die Ameise ist sehr klein.,The ant is very small.,La fourmi est très petite.,개미는 아주 작아요.,アリはとても小さいです。,decor
Từ chỉ hoạt động và đặc điểm,🧠,4,Đặt câu với từ chỉ đặc điểm,Hôm nay trời nóng quá.,,,,,🥵,sentence,6,8,Heute ist es so heiß.,It is so hot today.,Il fait très chaud aujourd'hui.,오늘 날씨가 너무 더워요.,今日はとても暑いです。,decor
Từ chỉ hoạt động và đặc điểm,🧠,4,Đặt câu với từ chỉ đặc điểm,Mùa đông trời lạnh.,,,,,🥶,sentence,6,8,Im Winter ist es kalt.,In winter it is cold.,"En hiver, il fait froid.",겨울에는 날씨가 추워요.,冬は寒いです。,decor
Từ chỉ hoạt động và đặc điểm,🧠,4,Đặt câu với từ chỉ đặc điểm,Con hươu cao cổ rất cao.,,,,,🦒,sentence,6,8,Die Giraffe ist sehr groß.,The giraffe is very tall.,La girafe est très grande.,기린은 키가 아주 커요.,キリンはとても背が高いです。,decor
Kể chuyện theo tranh,🖼️,4,Em trồng cây,Em gieo một hạt giống xuống đất.,,order_story order_words read_pick listen_repeat,,,🌰,sentence,6,8,Ich säe ein Samenkorn in die Erde.,I plant a seed in the soil.,Je sème une graine dans la terre.,저는 흙에 씨앗을 심어요.,私は土に種をまきます。,
Kể chuyện theo tranh,🖼️,4,Em trồng cây,Em tưới nước cho hạt mỗi ngày.,,,,,💧,sentence,6,8,Ich gieße den Samen jeden Tag.,I water the seed every day.,J'arrose la graine tous les jours.,저는 매일 씨앗에 물을 줘요.,私は毎日種に水をやります。,
Kể chuyện theo tranh,🖼️,4,Em trồng cây,"Vài ngày sau, hạt nảy mầm.",,,,,🌱,sentence,6,8,Nach ein paar Tagen keimt der Samen.,"A few days later, the seed sprouts.","Quelques jours plus tard, la graine germe.",며칠 후 씨앗에서 싹이 나요.,数日後、種から芽が出ます。,
Kể chuyện theo tranh,🖼️,4,Em trồng cây,Cây lớn dần lên.,,,,,🌿,sentence,6,8,Die Pflanze wächst allmählich.,The plant grows bigger.,La plante grandit petit à petit.,나무가 점점 자라요.,木がだんだん大きくなります。,
Kể chuyện theo tranh,🖼️,4,Em trồng cây,"Cuối cùng, cây nở một bông hoa đẹp.",,,,,🌻,sentence,6,8,Schließlich blüht eine schöne Blume.,"Finally, the plant blooms a beautiful flower.","Enfin, la plante fait fleurir une belle fleur.",마침내 나무에 예쁜 꽃이 피어요.,ついに木にきれいな花が咲きます。,
Kể chuyện theo tranh,🖼️,4,Đi chợ cùng mẹ,"Sáng chủ nhật, em đi chợ cùng mẹ.",,order_story order_words read_pick listen_repeat,,,🧺,sentence,6,8,Am Sonntagmorgen gehe ich mit Mama auf den Markt.,"On Sunday morning, I go to the market with Mum.","Dimanche matin, je vais au marché avec maman.","일요일 아침, 저는 엄마와 시장에 가요.",日曜日の朝、私はママと市場に行きます。,
Kể chuyện theo tranh,🖼️,4,Đi chợ cùng mẹ,Mẹ mua rau và cá.,,,,,🥬,sentence,6,8,Mama kauft Gemüse und Fisch.,Mum buys vegetables and fish.,Maman achète des légumes et du poisson.,엄마가 채소와 생선을 사요.,ママは野菜と魚を買います。,
Kể chuyện theo tranh,🖼️,4,Đi chợ cùng mẹ,Em xách túi giúp mẹ.,,,,,👜,sentence,6,8,Ich trage Mama die Tasche.,I carry the bag for Mum.,Je porte le sac pour aider maman.,저는 엄마를 도와 가방을 들어요.,私はママを手伝って袋を持ちます。,
Kể chuyện theo tranh,🖼️,4,Đi chợ cùng mẹ,"Về nhà, mẹ nấu canh cá.",,,,,🍲,sentence,6,8,Zu Hause kocht Mama Fischsuppe.,"At home, Mum cooks fish soup.","De retour à la maison, maman prépare une soupe de poisson.",집에 돌아와 엄마가 생선국을 끓여요.,家に帰るとママが魚のスープを作ります。,
Kể chuyện theo tranh,🖼️,4,Đi chợ cùng mẹ,Cả nhà ăn cơm thật ngon.,,,,,🍚,sentence,6,8,Die ganze Familie isst mit großem Appetit.,The whole family enjoys a delicious meal.,Toute la famille mange un délicieux repas.,온 가족이 맛있게 밥을 먹어요.,家族みんなでおいしいご飯を食べます。,
Kể chuyện theo tranh,🖼️,4,Cơn mưa và cầu vồng,Trời đang nắng thì mây đen kéo đến.,,order_story order_words read_pick listen_repeat,,,🌥️,sentence,6,8,"Eben schien noch die Sonne, da zogen dunkle Wolken auf.",It was sunny when dark clouds rolled in.,Il faisait soleil quand des nuages noirs arrivèrent.,날씨가 맑다가 먹구름이 몰려왔어요.,晴れていたのに黒い雲がやってきました。,
Kể chuyện theo tranh,🖼️,4,Cơn mưa và cầu vồng,Mưa rơi xuống ào ào.,,,,,🌧️,sentence,6,8,Der Regen prasselt herab.,The rain pours down.,La pluie tombe à verse.,비가 쏴아 쏟아져요.,雨がざあざあ降ります。,
Kể chuyện theo tranh,🖼️,4,Cơn mưa và cầu vồng,Nam mở ô che mưa.,,,,,☂️,sentence,6,8,Nam spannt den Regenschirm auf.,Nam opens an umbrella against the rain.,Nam ouvre son parapluie pour se protéger de la pluie.,남이 우산을 펴서 비를 막아요.,ナムは傘を開いて雨をよけます。,
Kể chuyện theo tranh,🖼️,4,Cơn mưa và cầu vồng,"Mưa tạnh, cầu vồng hiện ra.",,,,,🌈,sentence,6,8,"Der Regen hört auf, ein Regenbogen erscheint.",The rain stops and a rainbow appears.,"La pluie s'arrête, un arc-en-ciel apparaît.",비가 그치고 무지개가 나타나요.,雨がやんで虹が現れます。,
Kể chuyện theo tranh,🖼️,4,Cơn mưa và cầu vồng,Nam reo lên vui sướng.,,,,,😄,sentence,6,8,Nam jubelt vor Freude.,Nam cheers with joy.,Nam pousse un cri de joie.,남은 기뻐서 소리쳐요.,ナムは嬉しくて歓声をあげます。,
Kể chuyện theo tranh,🖼️,4,Sinh nhật của Lan,Sáng nay Lan tròn sáu tuổi.,,order_story order_words read_pick listen_repeat,,,🎈,sentence,6,8,Heute Morgen wird Lan sechs Jahre alt.,This morning Lan turns six.,"Ce matin, Lan a six ans tout rond.",오늘 아침 란은 여섯 살이 되었어요.,今朝ランはちょうど六歳になりました。,
Kể chuyện theo tranh,🖼️,4,Sinh nhật của Lan,Mẹ làm cho Lan một chiếc bánh kem.,,,,,🎂,sentence,6,8,Mama macht Lan eine Sahnetorte.,Mum makes Lan a cream cake.,Maman fait un gâteau à la crème pour Lan.,엄마가 란에게 크림 케이크를 만들어줘요.,ママがランに生クリームケーキを作ります。,
Kể chuyện theo tranh,🖼️,4,Sinh nhật của Lan,Bạn bè đến chúc mừng sinh nhật Lan.,,,,,🎁,sentence,6,8,Freunde kommen und gratulieren Lan zum Geburtstag.,Friends come to wish Lan a happy birthday.,Les amis viennent souhaiter un bon anniversaire à Lan.,친구들이 란의 생일을 축하하러 와요.,友達がランの誕生日を祝いに来ます。,
Kể chuyện theo tranh,🖼️,4,Sinh nhật của Lan,Lan thổi nến và ước một điều.,,,,,🕯️,sentence,6,8,Lan bläst die Kerzen aus und wünscht sich etwas.,Lan blows out the candles and makes a wish.,Lan souffle les bougies et fait un vœu.,란은 촛불을 불고 소원을 빌어요.,ランはろうそくを吹き消して願い事をします。,
Kể chuyện theo tranh,🖼️,4,Sinh nhật của Lan,Ai cũng vỗ tay và hát mừng.,,,,,👏,sentence,6,8,Alle klatschen und singen.,Everyone claps and sings.,Tout le monde applaudit et chante en fête.,모두 박수치며 축하 노래를 불러요.,みんな拍手して祝いの歌を歌います。,
