ưu tiên,loại,cấp,chủ đề,bài,chữ tiếng Việt,emoji hiện tại,mô tả gợi ý cho người vẽ,tên file gợi ý
1,Đặc trưng Việt Nam,1,Ăn uống,Bữa cơm,cơm,🍚,"Hình minh hoạ đúng thực tế Việt Nam: “cơm”. Nền trong suốt, một chủ thể, phong cách chung cho cả bộ.",com.png
1,Đặc trưng Việt Nam,1,Ăn uống,Bữa cơm,phở,🍜,"Hình minh hoạ đúng thực tế Việt Nam: “phở”. Nền trong suốt, một chủ thể, phong cách chung cho cả bộ.",pho.png
1,Đặc trưng Việt Nam,1,Ăn uống,Bữa cơm,bánh mì,🥖,"Hình minh hoạ đúng thực tế Việt Nam: “bánh mì”. Nền trong suốt, một chủ thể, phong cách chung cho cả bộ.",banh-mi.png
1,Đặc trưng Việt Nam,1,Ăn uống,Bữa cơm,canh,🍲,"Hình minh hoạ đúng thực tế Việt Nam: “canh”. Nền trong suốt, một chủ thể, phong cách chung cho cả bộ.",canh.png
1,Đặc trưng Việt Nam,1,Ăn uống,Đồ uống và bánh kẹo,bánh ngọt,🍰,"Hình minh hoạ đúng thực tế Việt Nam: “bánh ngọt”. Nền trong suốt, một chủ thể, phong cách chung cho cả bộ.",banh-ngot.png
1,Đặc trưng Việt Nam,1,Ngôi nhà,Nhà bếp và nhà tắm,cái bát,🥣,"Hình minh hoạ đúng thực tế Việt Nam: “cái bát”. Nền trong suốt, một chủ thể, phong cách chung cho cả bộ.",cai-bat.png
1,Đặc trưng Việt Nam,1,Ngôi nhà,Nhà bếp và nhà tắm,cái thìa,🥄,"Hình minh hoạ đúng thực tế Việt Nam: “cái thìa”. Nền trong suốt, một chủ thể, phong cách chung cho cả bộ.",cai-thia.png
1,Đặc trưng Việt Nam,1,Ngôi nhà,Nhà bếp và nhà tắm,đôi đũa,🥢,"Hình minh hoạ đúng thực tế Việt Nam: “đôi đũa”. Nền trong suốt, một chủ thể, phong cách chung cho cả bộ.",doi-dua.png
1,Đặc trưng Việt Nam,1,Thiên nhiên và thời tiết,Thời tiết,cầu vồng,🌈,"Hình minh hoạ đúng thực tế Việt Nam: “cầu vồng”. Nền trong suốt, một chủ thể, phong cách chung cho cả bộ.",cau-vong.png
1,Đặc trưng Việt Nam,1,Quần áo và xe cộ,Xe cộ,xe máy,🛵,"Hình minh hoạ đúng thực tế Việt Nam: “xe máy”. Nền trong suốt, một chủ thể, phong cách chung cho cả bộ.",xe-may.png
1,Đặc trưng Việt Nam,1,Quần áo và xe cộ,Xe cộ,ô tô,🚗,"Hình minh hoạ đúng thực tế Việt Nam: “ô tô”. Nền trong suốt, một chủ thể, phong cách chung cho cả bộ.",o-to.png
1,Đặc trưng Việt Nam,1,Quần áo và xe cộ,Xe cộ,tàu hoả,🚆,"Hình minh hoạ đúng thực tế Việt Nam: “tàu hoả”. Nền trong suốt, một chủ thể, phong cách chung cho cả bộ.",tau-hoa.png
1,Đặc trưng Việt Nam,1,Tết và Việt Nam,Ngày Tết,Tết,🎊,"Hình minh hoạ đúng thực tế Việt Nam: “Tết”. Nền trong suốt, một chủ thể, phong cách chung cho cả bộ.",tet.png
1,Đặc trưng Việt Nam,1,Tết và Việt Nam,Ngày Tết,bánh chưng,🟩,"Hình minh hoạ đúng thực tế Việt Nam: “bánh chưng”. Nền trong suốt, một chủ thể, phong cách chung cho cả bộ.",banh-chung.png
1,Đặc trưng Việt Nam,1,Tết và Việt Nam,Ngày Tết,lì xì,🧧,"Hình minh hoạ đúng thực tế Việt Nam: “lì xì”. Nền trong suốt, một chủ thể, phong cách chung cho cả bộ.",li-xi.png
1,Đặc trưng Việt Nam,1,Tết và Việt Nam,Ngày Tết,đèn lồng,🏮,"Hình minh hoạ đúng thực tế Việt Nam: “đèn lồng”. Nền trong suốt, một chủ thể, phong cách chung cho cả bộ.",den-long.png
1,Đặc trưng Việt Nam,1,Tết và Việt Nam,Ngày Tết,hoa đào,🌸,"Hình minh hoạ đúng thực tế Việt Nam: “hoa đào”. Nền trong suốt, một chủ thể, phong cách chung cho cả bộ.",hoa-dao.png
1,Đặc trưng Việt Nam,1,Tết và Việt Nam,Việt Nam,áo dài,👗,"Hình minh hoạ đúng thực tế Việt Nam: “áo dài”. Nền trong suốt, một chủ thể, phong cách chung cho cả bộ.",ao-dai.png
1,Đặc trưng Việt Nam,1,Tết và Việt Nam,Việt Nam,nón lá,👒,"Hình minh hoạ đúng thực tế Việt Nam: “nón lá”. Nền trong suốt, một chủ thể, phong cách chung cho cả bộ.",non-la.png
1,Đặc trưng Việt Nam,1,Tết và Việt Nam,Việt Nam,con trâu,🐃,"Hình minh hoạ đúng thực tế Việt Nam: “con trâu”. Nền trong suốt, một chủ thể, phong cách chung cho cả bộ.",con-trau.png
1,Đặc trưng Việt Nam,1,Tết và Việt Nam,Việt Nam,cánh đồng lúa,🌾,"Hình minh hoạ đúng thực tế Việt Nam: “cánh đồng lúa”. Nền trong suốt, một chủ thể, phong cách chung cho cả bộ.",canh-dong-lua.png
1,Đặc trưng Việt Nam,1,Tết và Việt Nam,Việt Nam,cây tre,🎋,"Hình minh hoạ đúng thực tế Việt Nam: “cây tre”. Nền trong suốt, một chủ thể, phong cách chung cho cả bộ.",cay-tre.png
1,Đặc trưng Việt Nam,1,Tết và Việt Nam,Việt Nam,bánh Trung thu,🥮,"Hình minh hoạ đúng thực tế Việt Nam: “bánh Trung thu”. Nền trong suốt, một chủ thể, phong cách chung cho cả bộ.",banh-trung-thu.png
1,Đặc trưng Việt Nam,3,Chữ cái,Nhóm 4: từ có t c k q d đ,dừa,🥥,"Hình minh hoạ đúng thực tế Việt Nam: “dừa”. Nền trong suốt, một chủ thể, phong cách chung cho cả bộ.",dua.png
1,Đặc trưng Việt Nam,3,Chữ cái,Nhóm 5: từ có h g r s v x,xôi,🍙,"Hình minh hoạ đúng thực tế Việt Nam: “xôi”. Nền trong suốt, một chủ thể, phong cách chung cho cả bộ.",xoi.png
1,Đặc trưng Việt Nam,3,Ghép âm với nguyên âm,"Vần e, ê",chè,🍵,"Hình minh hoạ đúng thực tế Việt Nam: “chè”. Nền trong suốt, một chủ thể, phong cách chung cho cả bộ.",che.png
1,Đặc trưng Việt Nam,3,Ghép âm với nguyên âm,"Vần e, ê",nghé,🐃,"Hình minh hoạ đúng thực tế Việt Nam: “nghé”. Nền trong suốt, một chủ thể, phong cách chung cho cả bộ.",nghe.png
1,Đặc trưng Việt Nam,3,Vần có âm cuối,"Vần an, ăn, ân",mận,🍑,"Hình minh hoạ đúng thực tế Việt Nam: “mận”. Nền trong suốt, một chủ thể, phong cách chung cho cả bộ.",man.png
1,Đặc trưng Việt Nam,3,Vần có âm cuối,"Vần at, ăt, ât",bát,🥣,"Hình minh hoạ đúng thực tế Việt Nam: “bát”. Nền trong suốt, một chủ thể, phong cách chung cho cả bộ.",bat.png
1,Đặc trưng Việt Nam,3,Vần có âm cuối,"Vần ang, anh",canh,🍲,"Hình minh hoạ đúng thực tế Việt Nam: “canh”. Nền trong suốt, một chủ thể, phong cách chung cho cả bộ.",canh-2.png
1,Đặc trưng Việt Nam,3,Vần có âm cuối,"Vần ang, anh",bánh,🥮,"Hình minh hoạ đúng thực tế Việt Nam: “bánh”. Nền trong suốt, một chủ thể, phong cách chung cho cả bộ.",banh.png
1,Đặc trưng Việt Nam,3,Vần có âm cuối,"Vần ac, ach, uc, ưc",lạc,🥜,"Hình minh hoạ đúng thực tế Việt Nam: “lạc”. Nền trong suốt, một chủ thể, phong cách chung cho cả bộ.",lac.png
1,Đặc trưng Việt Nam,3,Vần có âm cuối,"Vần ac, ach, uc, ưc",cúc,🌼,"Hình minh hoạ đúng thực tế Việt Nam: “cúc”. Nền trong suốt, một chủ thể, phong cách chung cho cả bộ.",cuc.png
1,Đặc trưng Việt Nam,3,Vần có âm cuối,"Vần on, ôm, ơm, ôp, ơp",nón,👒,"Hình minh hoạ đúng thực tế Việt Nam: “nón”. Nền trong suốt, một chủ thể, phong cách chung cho cả bộ.",non.png
1,Đặc trưng Việt Nam,3,Vần có âm cuối,"Vần on, ôm, ơm, ôp, ơp",thơm,🍍,"Hình minh hoạ đúng thực tế Việt Nam: “thơm”. Nền trong suốt, một chủ thể, phong cách chung cho cả bộ.",thom.png
1,Đặc trưng Việt Nam,3,Vần có âm cuối,"Vần on, ôm, ơm, ôp, ơp",cơm,🍚,"Hình minh hoạ đúng thực tế Việt Nam: “cơm”. Nền trong suốt, một chủ thể, phong cách chung cho cả bộ.",com-2.png
1,Đặc trưng Việt Nam,3,Vần có âm cuối,"Vần oi, ôi, ơi, ui",xôi,🍙,"Hình minh hoạ đúng thực tế Việt Nam: “xôi”. Nền trong suốt, một chủ thể, phong cách chung cho cả bộ.",xoi-2.png
1,Đặc trưng Việt Nam,3,Vần có âm cuối,"Vần au, âu, êu",trâu,🐃,"Hình minh hoạ đúng thực tế Việt Nam: “trâu”. Nền trong suốt, một chủ thể, phong cách chung cho cả bộ.",trau.png
1,Đặc trưng Việt Nam,3,Nguyên âm đôi,"Vần ia, ua, ưa",thìa,🥄,"Hình minh hoạ đúng thực tế Việt Nam: “thìa”. Nền trong suốt, một chủ thể, phong cách chung cho cả bộ.",thia.png
1,Đặc trưng Việt Nam,3,Nguyên âm đôi,"Vần ia, ua, ưa",dừa,🥥,"Hình minh hoạ đúng thực tế Việt Nam: “dừa”. Nền trong suốt, một chủ thể, phong cách chung cho cả bộ.",dua-2.png
1,Đặc trưng Việt Nam,3,Nguyên âm đôi,Vần uô,chuông,🔔,"Hình minh hoạ đúng thực tế Việt Nam: “chuông”. Nền trong suốt, một chủ thể, phong cách chung cho cả bộ.",chuong.png
1,Đặc trưng Việt Nam,3,Phụ âm ghép và chính tả,"Âm kh, gh và ngh",nghé,🐃,"Hình minh hoạ đúng thực tế Việt Nam: “nghé”. Nền trong suốt, một chủ thể, phong cách chung cho cả bộ.",nghe-2.png
1,Đặc trưng Việt Nam,3,Phụ âm ghép và chính tả,"Âm ph, qu và th",phở,🍜,"Hình minh hoạ đúng thực tế Việt Nam: “phở”. Nền trong suốt, một chủ thể, phong cách chung cho cả bộ.",pho-2.png
1,Đặc trưng Việt Nam,3,Phụ âm ghép và chính tả,"Luật chính tả: c/k/q, g/gh, ng/ngh",nghé,🐃,"Hình minh hoạ đúng thực tế Việt Nam: “nghé”. Nền trong suốt, một chủ thể, phong cách chung cho cả bộ.",nghe-3.png
1,Đặc trưng Việt Nam,3,Đọc từ và câu ngắn,Đọc từ: bữa cơm,cơm,🍚,"Hình minh hoạ đúng thực tế Việt Nam: “cơm”. Nền trong suốt, một chủ thể, phong cách chung cho cả bộ.",com-3.png
1,Đặc trưng Việt Nam,3,Đọc từ và câu ngắn,Đọc từ: bữa cơm,phở,🍜,"Hình minh hoạ đúng thực tế Việt Nam: “phở”. Nền trong suốt, một chủ thể, phong cách chung cho cả bộ.",pho-3.png
1,Đặc trưng Việt Nam,3,Đọc từ và câu ngắn,Đọc từ: bữa cơm,bánh mì,🥖,"Hình minh hoạ đúng thực tế Việt Nam: “bánh mì”. Nền trong suốt, một chủ thể, phong cách chung cho cả bộ.",banh-mi-2.png
1,Đặc trưng Việt Nam,3,Đọc từ và câu ngắn,Đọc từ: bữa cơm,canh,🍲,"Hình minh hoạ đúng thực tế Việt Nam: “canh”. Nền trong suốt, một chủ thể, phong cách chung cho cả bộ.",canh-3.png
2,Cảnh câu/truyện,4,Đọc đoạn văn ngắn,Gia đình của Nam,Nhà Nam có bốn người.,🏠4️⃣,"Tranh minh hoạ cho câu: “Nhà Nam có bốn người.” (thể hiện ai đang làm gì, ở đâu). Không chữ trong tranh.",nha-nam-co-bon-nguoi.png
2,Cảnh câu/truyện,4,Đọc đoạn văn ngắn,Gia đình của Nam,Bố Nam là bác sĩ.,👨‍⚕️,"Tranh minh hoạ cho câu: “Bố Nam là bác sĩ.” (thể hiện ai đang làm gì, ở đâu). Không chữ trong tranh.",bo-nam-la-bac-si.png
2,Cảnh câu/truyện,4,Đọc đoạn văn ngắn,Gia đình của Nam,Mẹ Nam là cô giáo.,👩‍🏫,"Tranh minh hoạ cho câu: “Mẹ Nam là cô giáo.” (thể hiện ai đang làm gì, ở đâu). Không chữ trong tranh.",me-nam-la-co-giao.png
2,Cảnh câu/truyện,4,Đọc đoạn văn ngắn,Gia đình của Nam,Nam có một em gái tên là Mai.,👧,"Tranh minh hoạ cho câu: “Nam có một em gái tên là Mai.” (thể hiện ai đang làm gì, ở đâu). Không chữ trong tranh.",nam-co-mot-em-gai-ten-la-mai.png
2,Cảnh câu/truyện,4,Đọc đoạn văn ngắn,Gia đình của Nam,Cả nhà rất yêu thương nhau.,👨‍👩‍👧‍👦❤️,"Tranh minh hoạ cho câu: “Cả nhà rất yêu thương nhau.” (thể hiện ai đang làm gì, ở đâu). Không chữ trong tranh.",ca-nha-rat-yeu-thuong-nhau.png
2,Cảnh câu/truyện,4,Đọc đoạn văn ngắn,Buổi sáng của em,Sáng nào em cũng dậy sớm.,🧒⏰,"Tranh minh hoạ cho câu: “Sáng nào em cũng dậy sớm.” (thể hiện ai đang làm gì, ở đâu). Không chữ trong tranh.",sang-nao-em-cung-day-som.png
2,Cảnh câu/truyện,4,Đọc đoạn văn ngắn,Buổi sáng của em,Em đánh răng và rửa mặt.,🦷🧼,"Tranh minh hoạ cho câu: “Em đánh răng và rửa mặt.” (thể hiện ai đang làm gì, ở đâu). Không chữ trong tranh.",em-danh-rang-va-rua-mat.png
2,Cảnh câu/truyện,4,Đọc đoạn văn ngắn,Buổi sáng của em,Mẹ nấu cho em bát phở nóng.,🍜,"Tranh minh hoạ cho câu: “Mẹ nấu cho em bát phở nóng.” (thể hiện ai đang làm gì, ở đâu). Không chữ trong tranh.",me-nau-cho-em-bat-pho-nong.png
2,Cảnh câu/truyện,4,Đọc đoạn văn ngắn,Buổi sáng của em,"Ăn xong, em đeo cặp đi học.",🧒🎒,"Tranh minh hoạ cho câu: “Ăn xong, em đeo cặp đi học.” (thể hiện ai đang làm gì, ở đâu). Không chữ trong tranh.",an-xong-em-deo-cap-di-hoc.png
2,Cảnh câu/truyện,4,Đọc đoạn văn ngắn,Buổi sáng của em,"Trên đường, em gặp bạn Hà.",🧒👫,"Tranh minh hoạ cho câu: “Trên đường, em gặp bạn Hà.” (thể hiện ai đang làm gì, ở đâu). Không chữ trong tranh.",tren-duong-em-gap-ban-ha.png
2,Cảnh câu/truyện,4,Đọc đoạn văn ngắn,Tết ở nhà bà,"Tết đến, cả nhà về quê thăm bà.",🏡,"Tranh minh hoạ cho câu: “Tết đến, cả nhà về quê thăm bà.” (thể hiện ai đang làm gì, ở đâu). Không chữ trong tranh.",tet-den-ca-nha-ve-que-tham-ba.png
2,Cảnh câu/truyện,4,Đọc đoạn văn ngắn,Tết ở nhà bà,Bà gói bánh chưng thật to.,👵🟩,"Tranh minh hoạ cho câu: “Bà gói bánh chưng thật to.” (thể hiện ai đang làm gì, ở đâu). Không chữ trong tranh.",ba-goi-banh-chung-that-to.png
2,Cảnh câu/truyện,4,Đọc đoạn văn ngắn,Tết ở nhà bà,Em được bà lì xì một phong bao đỏ.,🧧👵,"Tranh minh hoạ cho câu: “Em được bà lì xì một phong bao đỏ.” (thể hiện ai đang làm gì, ở đâu). Không chữ trong tranh.",em-duoc-ba-li-xi-mot-phong-bao-do.png
2,Cảnh câu/truyện,4,Đọc đoạn văn ngắn,Tết ở nhà bà,"Buổi tối, cả nhà xem pháo hoa.",🌙🎆,"Tranh minh hoạ cho câu: “Buổi tối, cả nhà xem pháo hoa.” (thể hiện ai đang làm gì, ở đâu). Không chữ trong tranh.",buoi-toi-ca-nha-xem-phao-hoa.png
2,Cảnh câu/truyện,4,Đọc đoạn văn ngắn,Tết ở nhà bà,Em ước năm mới ai cũng vui.,🌠😄,"Tranh minh hoạ cho câu: “Em ước năm mới ai cũng vui.” (thể hiện ai đang làm gì, ở đâu). Không chữ trong tranh.",em-uoc-nam-moi-ai-cung-vui.png
2,Cảnh câu/truyện,4,Đọc đoạn văn ngắn,Ngày mưa,Hôm nay trời mưa to.,🌧️,"Tranh minh hoạ cho câu: “Hôm nay trời mưa to.” (thể hiện ai đang làm gì, ở đâu). Không chữ trong tranh.",hom-nay-troi-mua-to.png
2,Cảnh câu/truyện,4,Đọc đoạn văn ngắn,Ngày mưa,Mưa rơi lộp bộp trên mái nhà.,🌧️🏠,"Tranh minh hoạ cho câu: “Mưa rơi lộp bộp trên mái nhà.” (thể hiện ai đang làm gì, ở đâu). Không chữ trong tranh.",mua-roi-lop-bop-tren-mai-nha.png
2,Cảnh câu/truyện,4,Đọc đoạn văn ngắn,Ngày mưa,Em ngồi bên cửa sổ ngắm mưa.,🧒🌧️,"Tranh minh hoạ cho câu: “Em ngồi bên cửa sổ ngắm mưa.” (thể hiện ai đang làm gì, ở đâu). Không chữ trong tranh.",em-ngoi-ben-cua-so-ngam-mua.png
2,Cảnh câu/truyện,4,Đọc đoạn văn ngắn,Ngày mưa,"Ngoài vườn, mấy chú ếch kêu ộp ộp.",🐸🌿,"Tranh minh hoạ cho câu: “Ngoài vườn, mấy chú ếch kêu ộp ộp.” (thể hiện ai đang làm gì, ở đâu). Không chữ trong tranh.",ngoai-vuon-may-chu-ech-keu-op-op.png
2,Cảnh câu/truyện,4,Đọc đoạn văn ngắn,Ngày mưa,"Một lúc sau, cầu vồng hiện ra.",🌈,"Tranh minh hoạ cho câu: “Một lúc sau, cầu vồng hiện ra.” (thể hiện ai đang làm gì, ở đâu). Không chữ trong tranh.",mot-luc-sau-cau-vong-hien-ra.png
2,Cảnh câu/truyện,4,Đọc đoạn văn ngắn,Chú mèo của em,Em có một chú mèo tên là Mun.,🐱,"Tranh minh hoạ cho câu: “Em có một chú mèo tên là Mun.” (thể hiện ai đang làm gì, ở đâu). Không chữ trong tranh.",em-co-mot-chu-meo-ten-la-mun.png
2,Cảnh câu/truyện,4,Đọc đoạn văn ngắn,Chú mèo của em,Bộ lông của Mun đen như than.,🐱⚫,"Tranh minh hoạ cho câu: “Bộ lông của Mun đen như than.” (thể hiện ai đang làm gì, ở đâu). Không chữ trong tranh.",bo-long-cua-mun-den-nhu-than.png
2,Cảnh câu/truyện,4,Đọc đoạn văn ngắn,Chú mèo của em,Mun thích ngủ cạnh em.,🐱😴,"Tranh minh hoạ cho câu: “Mun thích ngủ cạnh em.” (thể hiện ai đang làm gì, ở đâu). Không chữ trong tranh.",mun-thich-ngu-canh-em.png
2,Cảnh câu/truyện,4,Đọc đoạn văn ngắn,Chú mèo của em,Sáng nào Mun cũng kêu meo meo đòi ăn.,🐱🍽️,"Tranh minh hoạ cho câu: “Sáng nào Mun cũng kêu meo meo đòi ăn.” (thể hiện ai đang làm gì, ở đâu). Không chữ trong tranh.",sang-nao-mun-cung-keu-meo-meo-doi-an.png
2,Cảnh câu/truyện,4,Đọc đoạn văn ngắn,Chú mèo của em,Em rất yêu chú mèo nhỏ.,💖,"Tranh minh hoạ cho câu: “Em rất yêu chú mèo nhỏ.” (thể hiện ai đang làm gì, ở đâu). Không chữ trong tranh.",em-rat-yeu-chu-meo-nho.png
2,Cảnh câu/truyện,4,Đọc đoạn văn ngắn,Ở trường,Trường của em rất đẹp.,🏫,"Tranh minh hoạ cho câu: “Trường của em rất đẹp.” (thể hiện ai đang làm gì, ở đâu). Không chữ trong tranh.",truong-cua-em-rat-dep.png
2,Cảnh câu/truyện,4,Đọc đoạn văn ngắn,Ở trường,Sân trường có nhiều cây xanh.,🏫🌳,"Tranh minh hoạ cho câu: “Sân trường có nhiều cây xanh.” (thể hiện ai đang làm gì, ở đâu). Không chữ trong tranh.",san-truong-co-nhieu-cay-xanh.png
2,Cảnh câu/truyện,4,Đọc đoạn văn ngắn,Ở trường,"Giờ ra chơi, em nhảy dây cùng các bạn.",🤸🧒,"Tranh minh hoạ cho câu: “Giờ ra chơi, em nhảy dây cùng các bạn.” (thể hiện ai đang làm gì, ở đâu). Không chữ trong tranh.",gio-ra-choi-em-nhay-day-cung-cac-ban.png
2,Cảnh câu/truyện,4,Đọc đoạn văn ngắn,Ở trường,Cô giáo dạy em một bài hát mới.,👩‍🏫🎵,"Tranh minh hoạ cho câu: “Cô giáo dạy em một bài hát mới.” (thể hiện ai đang làm gì, ở đâu). Không chữ trong tranh.",co-giao-day-em-mot-bai-hat-moi.png
2,Cảnh câu/truyện,4,Đọc đoạn văn ngắn,Ở trường,Em thích đi học mỗi ngày.,🧒🎒,"Tranh minh hoạ cho câu: “Em thích đi học mỗi ngày.” (thể hiện ai đang làm gì, ở đâu). Không chữ trong tranh.",em-thich-di-hoc-moi-ngay.png
2,Cảnh câu/truyện,4,Truyện cổ tích và truyền thuyết,Sự tích bánh chưng bánh giầy (1),Vua Hùng muốn chọn người nối ngôi.,🤴🤔,"Tranh minh hoạ cho câu: “Vua Hùng muốn chọn người nối ngôi.” (thể hiện ai đang làm gì, ở đâu). Không chữ trong tranh.",vua-hung-muon-chon-nguoi-noi-ngoi.png
2,Cảnh câu/truyện,4,Truyện cổ tích và truyền thuyết,Sự tích bánh chưng bánh giầy (1),Vua bảo các con đi tìm món ngon nhất để dâng cúng tổ tiên.,🤴🍲,"Tranh minh hoạ cho câu: “Vua bảo các con đi tìm món ngon nhất để dâng cúng tổ tiên.” (thể hiện ai đang làm gì, ở đâu). Không chữ trong tranh.",vua-bao-cac-con-di-tim-mon-ngon-nhat-de-dang-cung-to-tien.png
2,Cảnh câu/truyện,4,Truyện cổ tích và truyền thuyết,Sự tích bánh chưng bánh giầy (1),Các hoàng tử tìm khắp nơi những của ngon vật lạ.,🏃🍗,"Tranh minh hoạ cho câu: “Các hoàng tử tìm khắp nơi những của ngon vật lạ.” (thể hiện ai đang làm gì, ở đâu). Không chữ trong tranh.",cac-hoang-tu-tim-khap-noi-nhung-cua-ngon-vat-la.png
2,Cảnh câu/truyện,4,Truyện cổ tích và truyền thuyết,Sự tích bánh chưng bánh giầy (1),"Chỉ có Lang Liêu nghèo, chàng chẳng biết làm gì.",😟🌾,"Tranh minh hoạ cho câu: “Chỉ có Lang Liêu nghèo, chàng chẳng biết làm gì.” (thể hiện ai đang làm gì, ở đâu). Không chữ trong tranh.",chi-co-lang-lieu-ngheo-chang-chang-biet-lam-gi.png
2,Cảnh câu/truyện,4,Truyện cổ tích và truyền thuyết,Sự tích bánh chưng bánh giầy (1),"Một đêm, thần báo mộng dạy chàng lấy gạo làm bánh.",🌙🌾,"Tranh minh hoạ cho câu: “Một đêm, thần báo mộng dạy chàng lấy gạo làm bánh.” (thể hiện ai đang làm gì, ở đâu). Không chữ trong tranh.",mot-dem-than-bao-mong-day-chang-lay-gao-lam-banh.png
2,Cảnh câu/truyện,4,Truyện cổ tích và truyền thuyết,Sự tích bánh chưng bánh giầy (2),"Lang Liêu làm bánh hình vuông, tượng trưng cho đất, gọi là bánh chưng.",🟩🌏,"Tranh minh hoạ cho câu: “Lang Liêu làm bánh hình vuông, tượng trưng cho đất, gọi là bánh chưng.” (thể hiện ai đang làm gì, ở đâu). Không chữ trong tranh.",lang-lieu-lam-banh-hinh-vuong-tuong-trung-cho-dat-goi-la-banh-chung.png
2,Cảnh câu/truyện,4,Truyện cổ tích và truyền thuyết,Sự tích bánh chưng bánh giầy (2),"Chàng làm bánh hình tròn, tượng trưng cho trời, gọi là bánh giầy.",⭕☁️,"Tranh minh hoạ cho câu: “Chàng làm bánh hình tròn, tượng trưng cho trời, gọi là bánh giầy.” (thể hiện ai đang làm gì, ở đâu). Không chữ trong tranh.",chang-lam-banh-hinh-tron-tuong-trung-cho-troi-goi-la-banh-giay.png
2,Cảnh câu/truyện,4,Truyện cổ tích và truyền thuyết,Sự tích bánh chưng bánh giầy (2),Vua Hùng nếm thử và rất khen ngon.,🤴😋,"Tranh minh hoạ cho câu: “Vua Hùng nếm thử và rất khen ngon.” (thể hiện ai đang làm gì, ở đâu). Không chữ trong tranh.",vua-hung-nem-thu-va-rat-khen-ngon.png
2,Cảnh câu/truyện,4,Truyện cổ tích và truyền thuyết,Sự tích bánh chưng bánh giầy (2),Vua chọn Lang Liêu nối ngôi.,🤴👑,"Tranh minh hoạ cho câu: “Vua chọn Lang Liêu nối ngôi.” (thể hiện ai đang làm gì, ở đâu). Không chữ trong tranh.",vua-chon-lang-lieu-noi-ngoi.png
2,Cảnh câu/truyện,4,Truyện cổ tích và truyền thuyết,Sự tích bánh chưng bánh giầy (2),"Từ đó, ngày Tết nhà nào cũng có bánh chưng.",🎊🟩,"Tranh minh hoạ cho câu: “Từ đó, ngày Tết nhà nào cũng có bánh chưng.” (thể hiện ai đang làm gì, ở đâu). Không chữ trong tranh.",tu-do-ngay-tet-nha-nao-cung-co-banh-chung.png
2,Cảnh câu/truyện,4,Truyện cổ tích và truyền thuyết,Thánh Gióng (1),"Ngày xưa, có một cậu bé lên ba tuổi mà chưa biết nói.",👶🤐,"Tranh minh hoạ cho câu: “Ngày xưa, có một cậu bé lên ba tuổi mà chưa biết nói.” (thể hiện ai đang làm gì, ở đâu). Không chữ trong tranh.",ngay-xua-co-mot-cau-be-len-ba-tuoi-ma-chua-biet-noi.png
2,Cảnh câu/truyện,4,Truyện cổ tích và truyền thuyết,Thánh Gióng (1),"Một hôm, giặc Ân đến xâm chiếm nước ta.",⚔️🏹,"Tranh minh hoạ cho câu: “Một hôm, giặc Ân đến xâm chiếm nước ta.” (thể hiện ai đang làm gì, ở đâu). Không chữ trong tranh.",mot-hom-giac-an-den-xam-chiem-nuoc-ta.png
2,Cảnh câu/truyện,4,Truyện cổ tích và truyền thuyết,Thánh Gióng (1),"Nghe tiếng sứ giả của vua, cậu bé bỗng cất tiếng nói.",📢👶,"Tranh minh hoạ cho câu: “Nghe tiếng sứ giả của vua, cậu bé bỗng cất tiếng nói.” (thể hiện ai đang làm gì, ở đâu). Không chữ trong tranh.",nghe-tieng-su-gia-cua-vua-cau-be-bong-cat-tieng-noi.png
2,Cảnh câu/truyện,4,Truyện cổ tích và truyền thuyết,Thánh Gióng (1),Cậu xin vua rèn cho một con ngựa sắt và một cây roi sắt.,🐎🔨,"Tranh minh hoạ cho câu: “Cậu xin vua rèn cho một con ngựa sắt và một cây roi sắt.” (thể hiện ai đang làm gì, ở đâu). Không chữ trong tranh.",cau-xin-vua-ren-cho-mot-con-ngua-sat-va-mot-cay-roi-sat.png
2,Cảnh câu/truyện,4,Truyện cổ tích và truyền thuyết,Thánh Gióng (1),"Cả làng góp gạo nuôi cậu, cậu lớn nhanh như thổi.",🏘️🍚,"Tranh minh hoạ cho câu: “Cả làng góp gạo nuôi cậu, cậu lớn nhanh như thổi.” (thể hiện ai đang làm gì, ở đâu). Không chữ trong tranh.",ca-lang-gop-gao-nuoi-cau-cau-lon-nhanh-nhu-thoi.png
2,Cảnh câu/truyện,4,Truyện cổ tích và truyền thuyết,Thánh Gióng (2),Cậu bé vươn vai thành một vị tướng khổng lồ.,🧒💪,"Tranh minh hoạ cho câu: “Cậu bé vươn vai thành một vị tướng khổng lồ.” (thể hiện ai đang làm gì, ở đâu). Không chữ trong tranh.",cau-be-vuon-vai-thanh-mot-vi-tuong-khong-lo.png
2,Cảnh câu/truyện,4,Truyện cổ tích và truyền thuyết,Thánh Gióng (2),"Chàng mặc áo giáp sắt, cưỡi ngựa sắt ra trận.",🛡️🐴,"Tranh minh hoạ cho câu: “Chàng mặc áo giáp sắt, cưỡi ngựa sắt ra trận.” (thể hiện ai đang làm gì, ở đâu). Không chữ trong tranh.",chang-mac-ao-giap-sat-cuoi-ngua-sat-ra-tran.png
2,Cảnh câu/truyện,4,Truyện cổ tích và truyền thuyết,Thánh Gióng (2),"Ngựa sắt phun lửa, chàng đánh tan quân giặc.",🐴🔥,"Tranh minh hoạ cho câu: “Ngựa sắt phun lửa, chàng đánh tan quân giặc.” (thể hiện ai đang làm gì, ở đâu). Không chữ trong tranh.",ngua-sat-phun-lua-chang-danh-tan-quan-giac.png
2,Cảnh câu/truyện,4,Truyện cổ tích và truyền thuyết,Thánh Gióng (2),"Roi sắt gãy, chàng nhổ những bụi tre bên đường làm vũ khí.",🎋⚔️,"Tranh minh hoạ cho câu: “Roi sắt gãy, chàng nhổ những bụi tre bên đường làm vũ khí.” (thể hiện ai đang làm gì, ở đâu). Không chữ trong tranh.",roi-sat-gay-chang-nho-nhung-bui-tre-ben-duong-lam-vu-khi.png
2,Cảnh câu/truyện,4,Truyện cổ tích và truyền thuyết,Thánh Gióng (2),"Thắng giặc, chàng cưỡi ngựa bay về trời.",🐴☁️,"Tranh minh hoạ cho câu: “Thắng giặc, chàng cưỡi ngựa bay về trời.” (thể hiện ai đang làm gì, ở đâu). Không chữ trong tranh.",thang-giac-chang-cuoi-ngua-bay-ve-troi.png
2,Cảnh câu/truyện,4,Truyện cổ tích và truyền thuyết,Thánh Gióng (2),"Dân ta nhớ ơn, gọi chàng là Thánh Gióng.",🙏,"Tranh minh hoạ cho câu: “Dân ta nhớ ơn, gọi chàng là Thánh Gióng.” (thể hiện ai đang làm gì, ở đâu). Không chữ trong tranh.",dan-ta-nho-on-goi-chang-la-thanh-giong.png
2,Cảnh câu/truyện,4,Truyện cổ tích và truyền thuyết,Sự tích Hồ Gươm,"Ngày xưa, giặc Minh sang cướp nước ta.",⚔️🏹,"Tranh minh hoạ cho câu: “Ngày xưa, giặc Minh sang cướp nước ta.” (thể hiện ai đang làm gì, ở đâu). Không chữ trong tranh.",ngay-xua-giac-minh-sang-cuop-nuoc-ta.png
2,Cảnh câu/truyện,4,Truyện cổ tích và truyền thuyết,Sự tích Hồ Gươm,Lê Lợi nổi dậy đánh giặc.,🧑🚩,"Tranh minh hoạ cho câu: “Lê Lợi nổi dậy đánh giặc.” (thể hiện ai đang làm gì, ở đâu). Không chữ trong tranh.",le-loi-noi-day-danh-giac.png
2,Cảnh câu/truyện,4,Truyện cổ tích và truyền thuyết,Sự tích Hồ Gươm,Long Quân cho ông mượn một thanh gươm thần.,🐉🗡️,"Tranh minh hoạ cho câu: “Long Quân cho ông mượn một thanh gươm thần.” (thể hiện ai đang làm gì, ở đâu). Không chữ trong tranh.",long-quan-cho-ong-muon-mot-thanh-guom-than.png
2,Cảnh câu/truyện,4,Truyện cổ tích và truyền thuyết,Sự tích Hồ Gươm,"Nhờ gươm thần, quân ta đánh thắng giặc.",🗡️🏆,"Tranh minh hoạ cho câu: “Nhờ gươm thần, quân ta đánh thắng giặc.” (thể hiện ai đang làm gì, ở đâu). Không chữ trong tranh.",nho-guom-than-quan-ta-danh-thang-giac.png
2,Cảnh câu/truyện,4,Truyện cổ tích và truyền thuyết,Sự tích Hồ Gươm,"Sau chiến thắng, Rùa Vàng nổi lên đòi lại gươm.",🐢🌊,"Tranh minh hoạ cho câu: “Sau chiến thắng, Rùa Vàng nổi lên đòi lại gươm.” (thể hiện ai đang làm gì, ở đâu). Không chữ trong tranh.",sau-chien-thang-rua-vang-noi-len-doi-lai-guom.png
2,Cảnh câu/truyện,4,Truyện cổ tích và truyền thuyết,Sự tích Hồ Gươm,"Lê Lợi trả gươm, hồ được gọi là Hồ Gươm.",🏞️🗡️,"Tranh minh hoạ cho câu: “Lê Lợi trả gươm, hồ được gọi là Hồ Gươm.” (thể hiện ai đang làm gì, ở đâu). Không chữ trong tranh.",le-loi-tra-guom-ho-duoc-goi-la-ho-guom.png
2,Cảnh câu/truyện,4,Truyện cổ tích và truyền thuyết,Con Rồng cháu Tiên,Lạc Long Quân là rồng ở dưới biển.,🐉🌊,"Tranh minh hoạ cho câu: “Lạc Long Quân là rồng ở dưới biển.” (thể hiện ai đang làm gì, ở đâu). Không chữ trong tranh.",lac-long-quan-la-rong-o-duoi-bien.png
2,Cảnh câu/truyện,4,Truyện cổ tích và truyền thuyết,Con Rồng cháu Tiên,Âu Cơ là tiên ở trên núi.,🧚⛰️,"Tranh minh hoạ cho câu: “Âu Cơ là tiên ở trên núi.” (thể hiện ai đang làm gì, ở đâu). Không chữ trong tranh.",au-co-la-tien-o-tren-nui.png
2,Cảnh câu/truyện,4,Truyện cổ tích và truyền thuyết,Con Rồng cháu Tiên,Hai người gặp nhau và kết thành vợ chồng.,💑,"Tranh minh hoạ cho câu: “Hai người gặp nhau và kết thành vợ chồng.” (thể hiện ai đang làm gì, ở đâu). Không chữ trong tranh.",hai-nguoi-gap-nhau-va-ket-thanh-vo-chong.png
2,Cảnh câu/truyện,4,Truyện cổ tích và truyền thuyết,Con Rồng cháu Tiên,"Âu Cơ sinh ra một bọc trăm trứng, nở ra một trăm người con.",🥚💯,"Tranh minh hoạ cho câu: “Âu Cơ sinh ra một bọc trăm trứng, nở ra một trăm người con.” (thể hiện ai đang làm gì, ở đâu). Không chữ trong tranh.",au-co-sinh-ra-mot-boc-tram-trung-no-ra-mot-tram-nguoi-con.png
2,Cảnh câu/truyện,4,Truyện cổ tích và truyền thuyết,Con Rồng cháu Tiên,"Năm mươi người con theo cha xuống biển, năm mươi người con theo mẹ lên núi.",🌊⛰️,"Tranh minh hoạ cho câu: “Năm mươi người con theo cha xuống biển, năm mươi người con theo mẹ lên núi.” (thể hiện ai đang làm gì, ở đâu). Không chữ trong tranh.",nam-muoi-nguoi-con-theo-cha-xuong-bien-nam-muoi-nguoi-con-theo-me-len-nui.png
2,Cảnh câu/truyện,4,Truyện cổ tích và truyền thuyết,Con Rồng cháu Tiên,"Người con cả lên làm vua, gọi là Hùng Vương.",🤴👑,"Tranh minh hoạ cho câu: “Người con cả lên làm vua, gọi là Hùng Vương.” (thể hiện ai đang làm gì, ở đâu). Không chữ trong tranh.",nguoi-con-ca-len-lam-vua-goi-la-hung-vuong.png
2,Cảnh câu/truyện,4,Truyện cổ tích và truyền thuyết,Tấm Cám (1),"Ngày xưa, có cô Tấm mồ côi cả cha lẫn mẹ.",👧😢,"Tranh minh hoạ cho câu: “Ngày xưa, có cô Tấm mồ côi cả cha lẫn mẹ.” (thể hiện ai đang làm gì, ở đâu). Không chữ trong tranh.",ngay-xua-co-co-tam-mo-coi-ca-cha-lan-me.png
2,Cảnh câu/truyện,4,Truyện cổ tích và truyền thuyết,Tấm Cám (1),"Tấm sống với dì ghẻ và Cám, con của dì.",👧👩,"Tranh minh hoạ cho câu: “Tấm sống với dì ghẻ và Cám, con của dì.” (thể hiện ai đang làm gì, ở đâu). Không chữ trong tranh.",tam-song-voi-di-ghe-va-cam-con-cua-di.png
2,Cảnh câu/truyện,4,Truyện cổ tích và truyền thuyết,Tấm Cám (1),Dì ghẻ bắt Tấm làm việc suốt ngày.,👧🧹,"Tranh minh hoạ cho câu: “Dì ghẻ bắt Tấm làm việc suốt ngày.” (thể hiện ai đang làm gì, ở đâu). Không chữ trong tranh.",di-ghe-bat-tam-lam-viec-suot-ngay.png
2,Cảnh câu/truyện,4,Truyện cổ tích và truyền thuyết,Tấm Cám (1),Còn Cám thì được ăn ngon và chơi cả ngày.,👧🍰,"Tranh minh hoạ cho câu: “Còn Cám thì được ăn ngon và chơi cả ngày.” (thể hiện ai đang làm gì, ở đâu). Không chữ trong tranh.",con-cam-thi-duoc-an-ngon-va-choi-ca-ngay.png
2,Cảnh câu/truyện,4,Truyện cổ tích và truyền thuyết,Tấm Cám (1),"Mỗi khi Tấm khóc, Bụt lại hiện lên giúp đỡ.",🧙✨,"Tranh minh hoạ cho câu: “Mỗi khi Tấm khóc, Bụt lại hiện lên giúp đỡ.” (thể hiện ai đang làm gì, ở đâu). Không chữ trong tranh.",moi-khi-tam-khoc-but-lai-hien-len-giup-do.png
2,Cảnh câu/truyện,4,Truyện cổ tích và truyền thuyết,Tấm Cám (2),"Nhờ Bụt, Tấm có quần áo đẹp để đi xem hội.",👗✨,"Tranh minh hoạ cho câu: “Nhờ Bụt, Tấm có quần áo đẹp để đi xem hội.” (thể hiện ai đang làm gì, ở đâu). Không chữ trong tranh.",nho-but-tam-co-quan-ao-dep-de-di-xem-hoi.png
2,Cảnh câu/truyện,4,Truyện cổ tích và truyền thuyết,Tấm Cám (2),"Trên đường chạy về, Tấm đánh rơi một chiếc giày.",🏃👟,"Tranh minh hoạ cho câu: “Trên đường chạy về, Tấm đánh rơi một chiếc giày.” (thể hiện ai đang làm gì, ở đâu). Không chữ trong tranh.",tren-duong-chay-ve-tam-danh-roi-mot-chiec-giay.png
2,Cảnh câu/truyện,4,Truyện cổ tích và truyền thuyết,Tấm Cám (2),Nhà vua nhặt được giày và cho người đi tìm chủ nhân.,🤴🔍,"Tranh minh hoạ cho câu: “Nhà vua nhặt được giày và cho người đi tìm chủ nhân.” (thể hiện ai đang làm gì, ở đâu). Không chữ trong tranh.",nha-vua-nhat-duoc-giay-va-cho-nguoi-di-tim-chu-nhan.png
2,Cảnh câu/truyện,4,Truyện cổ tích và truyền thuyết,Tấm Cám (2),Chiếc giày vừa vặn với chân Tấm.,🦶👟,"Tranh minh hoạ cho câu: “Chiếc giày vừa vặn với chân Tấm.” (thể hiện ai đang làm gì, ở đâu). Không chữ trong tranh.",chiec-giay-vua-van-voi-chan-tam.png
2,Cảnh câu/truyện,4,Truyện cổ tích và truyền thuyết,Tấm Cám (2),"Tấm trở thành hoàng hậu, sống hạnh phúc.",👸💖,"Tranh minh hoạ cho câu: “Tấm trở thành hoàng hậu, sống hạnh phúc.” (thể hiện ai đang làm gì, ở đâu). Không chữ trong tranh.",tam-tro-thanh-hoang-hau-song-hanh-phuc.png
2,Cảnh câu/truyện,4,Truyện cổ tích và truyền thuyết,Sơn Tinh và Thủy Tinh,Vua Hùng có nàng công chúa Mị Nương rất xinh đẹp.,🤴👸,"Tranh minh hoạ cho câu: “Vua Hùng có nàng công chúa Mị Nương rất xinh đẹp.” (thể hiện ai đang làm gì, ở đâu). Không chữ trong tranh.",vua-hung-co-nang-cong-chua-mi-nuong-rat-xinh-dep.png
2,Cảnh câu/truyện,4,Truyện cổ tích và truyền thuyết,Sơn Tinh và Thủy Tinh,"Sơn Tinh ở trên núi, Thủy Tinh ở dưới biển, cả hai đều đến cầu hôn.",⛰️🌊,"Tranh minh hoạ cho câu: “Sơn Tinh ở trên núi, Thủy Tinh ở dưới biển, cả hai đều đến cầu hôn.” (thể hiện ai đang làm gì, ở đâu). Không chữ trong tranh.",son-tinh-o-tren-nui-thuy-tinh-o-duoi-bien-ca-hai-deu-den-cau-hon.png
2,Cảnh câu/truyện,4,Truyện cổ tích và truyền thuyết,Sơn Tinh và Thủy Tinh,Vua hẹn ai mang lễ vật đến trước sẽ được cưới công chúa.,🎁🏃,"Tranh minh hoạ cho câu: “Vua hẹn ai mang lễ vật đến trước sẽ được cưới công chúa.” (thể hiện ai đang làm gì, ở đâu). Không chữ trong tranh.",vua-hen-ai-mang-le-vat-den-truoc-se-duoc-cuoi-cong-chua.png
2,Cảnh câu/truyện,4,Truyện cổ tích và truyền thuyết,Sơn Tinh và Thủy Tinh,Sơn Tinh đến trước và cưới được Mị Nương.,⛰️💍,"Tranh minh hoạ cho câu: “Sơn Tinh đến trước và cưới được Mị Nương.” (thể hiện ai đang làm gì, ở đâu). Không chữ trong tranh.",son-tinh-den-truoc-va-cuoi-duoc-mi-nuong.png
2,Cảnh câu/truyện,4,Truyện cổ tích và truyền thuyết,Sơn Tinh và Thủy Tinh,"Thủy Tinh tức giận, dâng nước lên đánh Sơn Tinh.",🌊😠,"Tranh minh hoạ cho câu: “Thủy Tinh tức giận, dâng nước lên đánh Sơn Tinh.” (thể hiện ai đang làm gì, ở đâu). Không chữ trong tranh.",thuy-tinh-tuc-gian-dang-nuoc-len-danh-son-tinh.png
2,Cảnh câu/truyện,4,Truyện cổ tích và truyền thuyết,Sơn Tinh và Thủy Tinh,"Sơn Tinh làm núi cao lên, nước dâng đến đâu núi cao đến đó.",🏔️🌊,"Tranh minh hoạ cho câu: “Sơn Tinh làm núi cao lên, nước dâng đến đâu núi cao đến đó.” (thể hiện ai đang làm gì, ở đâu). Không chữ trong tranh.",son-tinh-lam-nui-cao-len-nuoc-dang-den-dau-nui-cao-den-do.png
2,Cảnh câu/truyện,4,"Ca dao, tục ngữ và đồng dao",Tục ngữ: biết ơn và gia đình,Uống nước nhớ nguồn.,💧,"Tranh minh hoạ cho câu: “Uống nước nhớ nguồn.” (thể hiện ai đang làm gì, ở đâu). Không chữ trong tranh.",uong-nuoc-nho-nguon.png
2,Cảnh câu/truyện,4,"Ca dao, tục ngữ và đồng dao",Tục ngữ: biết ơn và gia đình,Ăn quả nhớ kẻ trồng cây.,🍎,"Tranh minh hoạ cho câu: “Ăn quả nhớ kẻ trồng cây.” (thể hiện ai đang làm gì, ở đâu). Không chữ trong tranh.",an-qua-nho-ke-trong-cay.png
2,Cảnh câu/truyện,4,"Ca dao, tục ngữ và đồng dao",Tục ngữ: biết ơn và gia đình,Anh em như thể tay chân.,🤝,"Tranh minh hoạ cho câu: “Anh em như thể tay chân.” (thể hiện ai đang làm gì, ở đâu). Không chữ trong tranh.",anh-em-nhu-the-tay-chan.png
2,Cảnh câu/truyện,4,"Ca dao, tục ngữ và đồng dao",Tục ngữ: biết ơn và gia đình,Chị ngã em nâng.,🤲,"Tranh minh hoạ cho câu: “Chị ngã em nâng.” (thể hiện ai đang làm gì, ở đâu). Không chữ trong tranh.",chi-nga-em-nang.png
2,Cảnh câu/truyện,4,"Ca dao, tục ngữ và đồng dao",Tục ngữ: biết ơn và gia đình,Kính trên nhường dưới.,👴,"Tranh minh hoạ cho câu: “Kính trên nhường dưới.” (thể hiện ai đang làm gì, ở đâu). Không chữ trong tranh.",kinh-tren-nhuong-duoi.png
2,Cảnh câu/truyện,4,"Ca dao, tục ngữ và đồng dao",Tục ngữ: biết ơn và gia đình,Lá lành đùm lá rách.,🍃,"Tranh minh hoạ cho câu: “Lá lành đùm lá rách.” (thể hiện ai đang làm gì, ở đâu). Không chữ trong tranh.",la-lanh-dum-la-rach.png
2,Cảnh câu/truyện,4,"Ca dao, tục ngữ và đồng dao",Tục ngữ: học tập và đoàn kết,"Có công mài sắt, có ngày nên kim.",🔨,"Tranh minh hoạ cho câu: “Có công mài sắt, có ngày nên kim.” (thể hiện ai đang làm gì, ở đâu). Không chữ trong tranh.",co-cong-mai-sat-co-ngay-nen-kim.png
2,Cảnh câu/truyện,4,"Ca dao, tục ngữ và đồng dao",Tục ngữ: học tập và đoàn kết,"Đi một ngày đàng, học một sàng khôn.",🚶,"Tranh minh hoạ cho câu: “Đi một ngày đàng, học một sàng khôn.” (thể hiện ai đang làm gì, ở đâu). Không chữ trong tranh.",di-mot-ngay-dang-hoc-mot-sang-khon.png
2,Cảnh câu/truyện,4,"Ca dao, tục ngữ và đồng dao",Tục ngữ: học tập và đoàn kết,"Học ăn, học nói, học gói, học mở.",📖,"Tranh minh hoạ cho câu: “Học ăn, học nói, học gói, học mở.” (thể hiện ai đang làm gì, ở đâu). Không chữ trong tranh.",hoc-an-hoc-noi-hoc-goi-hoc-mo.png
2,Cảnh câu/truyện,4,"Ca dao, tục ngữ và đồng dao",Tục ngữ: học tập và đoàn kết,"Một cây làm chẳng nên non, ba cây chụm lại nên hòn núi cao.",🌳,"Tranh minh hoạ cho câu: “Một cây làm chẳng nên non, ba cây chụm lại nên hòn núi cao.” (thể hiện ai đang làm gì, ở đâu). Không chữ trong tranh.",mot-cay-lam-chang-nen-non-ba-cay-chum-lai-nen-hon-nui-cao.png
2,Cảnh câu/truyện,4,"Ca dao, tục ngữ và đồng dao",Tục ngữ: học tập và đoàn kết,"Gần mực thì đen, gần đèn thì rạng.",💡,"Tranh minh hoạ cho câu: “Gần mực thì đen, gần đèn thì rạng.” (thể hiện ai đang làm gì, ở đâu). Không chữ trong tranh.",gan-muc-thi-den-gan-den-thi-rang.png
2,Cảnh câu/truyện,4,"Ca dao, tục ngữ và đồng dao",Tục ngữ: học tập và đoàn kết,Có chí thì nên.,💪,"Tranh minh hoạ cho câu: “Có chí thì nên.” (thể hiện ai đang làm gì, ở đâu). Không chữ trong tranh.",co-chi-thi-nen.png
2,Cảnh câu/truyện,4,"Ca dao, tục ngữ và đồng dao",Ca dao và đồng dao,"Bầu ơi thương lấy bí cùng, tuy rằng khác giống nhưng chung một giàn.",🥒,"Tranh minh hoạ cho câu: “Bầu ơi thương lấy bí cùng, tuy rằng khác giống nhưng chung một giàn.” (thể hiện ai đang làm gì, ở đâu). Không chữ trong tranh.",bau-oi-thuong-lay-bi-cung-tuy-rang-khac-giong-nhung-chung-mot-gian.png
2,Cảnh câu/truyện,4,"Ca dao, tục ngữ và đồng dao",Ca dao và đồng dao,"Con cò bé bé, nó đậu cành tre.",🦢,"Tranh minh hoạ cho câu: “Con cò bé bé, nó đậu cành tre.” (thể hiện ai đang làm gì, ở đâu). Không chữ trong tranh.",con-co-be-be-no-dau-canh-tre.png
2,Cảnh câu/truyện,4,"Ca dao, tục ngữ và đồng dao",Ca dao và đồng dao,"Lạy trời mưa xuống, lấy nước tôi uống, lấy ruộng tôi cày, lấy đầy bát cơm.",🌧️,"Tranh minh hoạ cho câu: “Lạy trời mưa xuống, lấy nước tôi uống, lấy ruộng tôi cày, lấy đầy bát cơm.” (thể hiện ai đang làm gì, ở đâu). Không chữ trong tranh.",lay-troi-mua-xuong-lay-nuoc-toi-uong-lay-ruong-toi-cay-lay-day-bat-com.png
2,Cảnh câu/truyện,4,"Ca dao, tục ngữ và đồng dao",Ca dao và đồng dao,"Dung dăng dung dẻ, dắt trẻ đi chơi.",🧒,"Tranh minh hoạ cho câu: “Dung dăng dung dẻ, dắt trẻ đi chơi.” (thể hiện ai đang làm gì, ở đâu). Không chữ trong tranh.",dung-dang-dung-de-dat-tre-di-choi.png
2,Cảnh câu/truyện,4,"Ca dao, tục ngữ và đồng dao",Ca dao và đồng dao,"Con gà cục tác lá chanh, con lợn ủn ỉn mua hành cho ta.",🐔,"Tranh minh hoạ cho câu: “Con gà cục tác lá chanh, con lợn ủn ỉn mua hành cho ta.” (thể hiện ai đang làm gì, ở đâu). Không chữ trong tranh.",con-ga-cuc-tac-la-chanh-con-lon-un-in-mua-hanh-cho-ta.png
2,Cảnh câu/truyện,4,Viết đúng chính tả,Viết hoa đầu câu và tên riêng,Hà Nội là thủ đô của Việt Nam.,🏛️,"Tranh minh hoạ cho câu: “Hà Nội là thủ đô của Việt Nam.” (thể hiện ai đang làm gì, ở đâu). Không chữ trong tranh.",ha-noi-la-thu-do-cua-viet-nam.png
2,Cảnh câu/truyện,4,Viết đúng chính tả,Viết hoa đầu câu và tên riêng,Nam chơi bóng với Bình.,⚽,"Tranh minh hoạ cho câu: “Nam chơi bóng với Bình.” (thể hiện ai đang làm gì, ở đâu). Không chữ trong tranh.",nam-choi-bong-voi-binh.png
2,Cảnh câu/truyện,4,Viết đúng chính tả,Viết hoa đầu câu và tên riêng,Mai đọc sách ở thư viện.,📚,"Tranh minh hoạ cho câu: “Mai đọc sách ở thư viện.” (thể hiện ai đang làm gì, ở đâu). Không chữ trong tranh.",mai-doc-sach-o-thu-vien.png
2,Cảnh câu/truyện,4,Viết đúng chính tả,Viết hoa đầu câu và tên riêng,Sông Hồng chảy qua Hà Nội.,🏞️,"Tranh minh hoạ cho câu: “Sông Hồng chảy qua Hà Nội.” (thể hiện ai đang làm gì, ở đâu). Không chữ trong tranh.",song-hong-chay-qua-ha-noi.png
2,Cảnh câu/truyện,4,Viết đúng chính tả,Viết hoa đầu câu và tên riêng,Bà kể chuyện cho Lan nghe.,👵,"Tranh minh hoạ cho câu: “Bà kể chuyện cho Lan nghe.” (thể hiện ai đang làm gì, ở đâu). Không chữ trong tranh.",ba-ke-chuyen-cho-lan-nghe.png
2,Cảnh câu/truyện,4,Viết đúng chính tả,Viết hoa đầu câu và tên riêng,Huế có nhiều cung điện cổ.,🏯,"Tranh minh hoạ cho câu: “Huế có nhiều cung điện cổ.” (thể hiện ai đang làm gì, ở đâu). Không chữ trong tranh.",hue-co-nhieu-cung-dien-co.png
2,Cảnh câu/truyện,4,Viết đúng chính tả,"Dấu câu: chấm, chấm hỏi, chấm than",Trời mưa rồi.,🌧️,"Tranh minh hoạ cho câu: “Trời mưa rồi.” (thể hiện ai đang làm gì, ở đâu). Không chữ trong tranh.",troi-mua-roi.png
2,Cảnh câu/truyện,4,Viết đúng chính tả,"Dấu câu: chấm, chấm hỏi, chấm than",Con đang làm gì?,🤔,"Tranh minh hoạ cho câu: “Con đang làm gì?” (thể hiện ai đang làm gì, ở đâu). Không chữ trong tranh.",con-dang-lam-gi.png
2,Cảnh câu/truyện,4,Viết đúng chính tả,"Dấu câu: chấm, chấm hỏi, chấm than","Ôi, bông hoa đẹp quá!",🌸,"Tranh minh hoạ cho câu: “Ôi, bông hoa đẹp quá!” (thể hiện ai đang làm gì, ở đâu). Không chữ trong tranh.",oi-bong-hoa-dep-qua.png
2,Cảnh câu/truyện,4,Viết đúng chính tả,"Dấu câu: chấm, chấm hỏi, chấm than",Bạn tên là gì?,🙋,"Tranh minh hoạ cho câu: “Bạn tên là gì?” (thể hiện ai đang làm gì, ở đâu). Không chữ trong tranh.",ban-ten-la-gi.png
2,Cảnh câu/truyện,4,Viết đúng chính tả,"Dấu câu: chấm, chấm hỏi, chấm than",Cẩn thận nhé!,⚠️,"Tranh minh hoạ cho câu: “Cẩn thận nhé!” (thể hiện ai đang làm gì, ở đâu). Không chữ trong tranh.",can-than-nhe.png
2,Cảnh câu/truyện,4,Viết đúng chính tả,"Dấu câu: chấm, chấm hỏi, chấm than","Mẹ mua cam, táo và chuối.",🍎,"Tranh minh hoạ cho câu: “Mẹ mua cam, táo và chuối.” (thể hiện ai đang làm gì, ở đâu). Không chữ trong tranh.",me-mua-cam-tao-va-chuoi.png
2,Cảnh câu/truyện,4,Viết đúng chính tả,"Dấu câu: chấm, chấm hỏi, chấm than",Con có khỏe không?,😊,"Tranh minh hoạ cho câu: “Con có khỏe không?” (thể hiện ai đang làm gì, ở đâu). Không chữ trong tranh.",con-co-khoe-khong.png
1,Đặc trưng Việt Nam,4,Viết đúng chính tả,"Chính tả: c, k, q, g, gh, ng, ngh",nghé,🐃,"Hình minh hoạ đúng thực tế Việt Nam: “nghé”. Nền trong suốt, một chủ thể, phong cách chung cho cả bộ.",nghe-4.png
1,Đặc trưng Việt Nam,4,Viết đúng chính tả,"Chính tả: ch, tr, s, x, d, gi, r",xôi,🍙,"Hình minh hoạ đúng thực tế Việt Nam: “xôi”. Nền trong suốt, một chủ thể, phong cách chung cho cả bộ.",xoi-3.png
3,Từ trừu tượng,4,Từ chỉ hoạt động và đặc điểm,Từ chỉ hoạt động,nhảy,🤸,"Hình thể hiện rõ nghĩa của từ “nhảy” (có thể là cặp tương phản, vd to ↔ nhỏ).",nhay.png
3,Từ trừu tượng,4,Từ chỉ hoạt động và đặc điểm,Từ chỉ hoạt động,bơi,🏊,"Hình thể hiện rõ nghĩa của từ “bơi” (có thể là cặp tương phản, vd to ↔ nhỏ).",boi.png
3,Từ trừu tượng,4,Từ chỉ hoạt động và đặc điểm,Từ chỉ hoạt động,viết,✍️,"Hình thể hiện rõ nghĩa của từ “viết” (có thể là cặp tương phản, vd to ↔ nhỏ).",viet.png
3,Từ trừu tượng,4,Từ chỉ hoạt động và đặc điểm,Từ chỉ hoạt động,đọc,📖,"Hình thể hiện rõ nghĩa của từ “đọc” (có thể là cặp tương phản, vd to ↔ nhỏ).",doc.png
3,Từ trừu tượng,4,Từ chỉ hoạt động và đặc điểm,Từ chỉ hoạt động,hát,🎤,"Hình thể hiện rõ nghĩa của từ “hát” (có thể là cặp tương phản, vd to ↔ nhỏ).",hat.png
3,Từ trừu tượng,4,Từ chỉ hoạt động và đặc điểm,Từ chỉ hoạt động,múa,💃,"Hình thể hiện rõ nghĩa của từ “múa” (có thể là cặp tương phản, vd to ↔ nhỏ).",mua.png
3,Từ trừu tượng,4,Từ chỉ hoạt động và đặc điểm,Từ chỉ hoạt động,cười,😄,"Hình thể hiện rõ nghĩa của từ “cười” (có thể là cặp tương phản, vd to ↔ nhỏ).",cuoi.png
3,Từ trừu tượng,4,Từ chỉ hoạt động và đặc điểm,Từ chỉ hoạt động,khóc,😢,"Hình thể hiện rõ nghĩa của từ “khóc” (có thể là cặp tương phản, vd to ↔ nhỏ).",khoc.png
3,Từ trừu tượng,4,Từ chỉ hoạt động và đặc điểm,Từ chỉ đặc điểm,to,🐘,"Hình thể hiện rõ nghĩa của từ “to” (có thể là cặp tương phản, vd to ↔ nhỏ).",to.png
3,Từ trừu tượng,4,Từ chỉ hoạt động và đặc điểm,Từ chỉ đặc điểm,nhỏ,🐜,"Hình thể hiện rõ nghĩa của từ “nhỏ” (có thể là cặp tương phản, vd to ↔ nhỏ).",nho.png
3,Từ trừu tượng,4,Từ chỉ hoạt động và đặc điểm,Từ chỉ đặc điểm,cao,🦒,"Hình thể hiện rõ nghĩa của từ “cao” (có thể là cặp tương phản, vd to ↔ nhỏ).",cao.png
3,Từ trừu tượng,4,Từ chỉ hoạt động và đặc điểm,Từ chỉ đặc điểm,nhanh,🐆,"Hình thể hiện rõ nghĩa của từ “nhanh” (có thể là cặp tương phản, vd to ↔ nhỏ).",nhanh.png
3,Từ trừu tượng,4,Từ chỉ hoạt động và đặc điểm,Từ chỉ đặc điểm,chậm,🐌,"Hình thể hiện rõ nghĩa của từ “chậm” (có thể là cặp tương phản, vd to ↔ nhỏ).",cham.png
3,Từ trừu tượng,4,Từ chỉ hoạt động và đặc điểm,Từ chỉ đặc điểm,nóng,🥵,"Hình thể hiện rõ nghĩa của từ “nóng” (có thể là cặp tương phản, vd to ↔ nhỏ).",nong.png
3,Từ trừu tượng,4,Từ chỉ hoạt động và đặc điểm,Từ chỉ đặc điểm,lạnh,🥶,"Hình thể hiện rõ nghĩa của từ “lạnh” (có thể là cặp tương phản, vd to ↔ nhỏ).",lanh.png
3,Từ trừu tượng,4,Từ chỉ hoạt động và đặc điểm,Từ chỉ đặc điểm,sáng,☀️,"Hình thể hiện rõ nghĩa của từ “sáng” (có thể là cặp tương phản, vd to ↔ nhỏ).",sang.png
2,Cảnh câu/truyện,4,Từ chỉ hoạt động và đặc điểm,Đặt câu với từ chỉ đặc điểm,Con báo chạy rất nhanh.,🐆,"Tranh minh hoạ cho câu: “Con báo chạy rất nhanh.” (thể hiện ai đang làm gì, ở đâu). Không chữ trong tranh.",con-bao-chay-rat-nhanh.png
2,Cảnh câu/truyện,4,Từ chỉ hoạt động và đặc điểm,Đặt câu với từ chỉ đặc điểm,Con ốc sên bò rất chậm.,🐌,"Tranh minh hoạ cho câu: “Con ốc sên bò rất chậm.” (thể hiện ai đang làm gì, ở đâu). Không chữ trong tranh.",con-oc-sen-bo-rat-cham.png
2,Cảnh câu/truyện,4,Từ chỉ hoạt động và đặc điểm,Đặt câu với từ chỉ đặc điểm,Con voi rất to.,🐘⬆️,"Tranh minh hoạ cho câu: “Con voi rất to.” (thể hiện ai đang làm gì, ở đâu). Không chữ trong tranh.",con-voi-rat-to.png
2,Cảnh câu/truyện,4,Từ chỉ hoạt động và đặc điểm,Đặt câu với từ chỉ đặc điểm,Con kiến rất nhỏ.,🐜🔬,"Tranh minh hoạ cho câu: “Con kiến rất nhỏ.” (thể hiện ai đang làm gì, ở đâu). Không chữ trong tranh.",con-kien-rat-nho.png
2,Cảnh câu/truyện,4,Từ chỉ hoạt động và đặc điểm,Đặt câu với từ chỉ đặc điểm,Hôm nay trời nóng quá.,🥵,"Tranh minh hoạ cho câu: “Hôm nay trời nóng quá.” (thể hiện ai đang làm gì, ở đâu). Không chữ trong tranh.",hom-nay-troi-nong-qua.png
2,Cảnh câu/truyện,4,Từ chỉ hoạt động và đặc điểm,Đặt câu với từ chỉ đặc điểm,Mùa đông trời lạnh.,🥶,"Tranh minh hoạ cho câu: “Mùa đông trời lạnh.” (thể hiện ai đang làm gì, ở đâu). Không chữ trong tranh.",mua-dong-troi-lanh.png
2,Cảnh câu/truyện,4,Từ chỉ hoạt động và đặc điểm,Đặt câu với từ chỉ đặc điểm,Con hươu cao cổ rất cao.,🦒,"Tranh minh hoạ cho câu: “Con hươu cao cổ rất cao.” (thể hiện ai đang làm gì, ở đâu). Không chữ trong tranh.",con-huou-cao-co-rat-cao.png
